checked_at,requested_brand,matched_brand,match_mode,search_result_total,matched_products,pages_scanned,top_candidate_brands,status
2026-09-30T01:16:19+09:00,108파운드,108파운드,exact,0,272,6,108파운드:272,ok
2026-09-30T02:10:37+09:00,1989스탠다드,1989스탠다드,exact,0,184,5,1989스탠다드:184,ok
2026-09-29T15:33:19+09:00,1993스튜디오,1993스튜디오,exact,0,473,9,1993스튜디오:473,ok
2026-09-29T08:56:36+09:00,2000아카이브스,2000아카이브스,exact,0,313,7,2000아카이브스:313 | 리이제:1 | 컨버스:1,ok
2026-09-29T19:22:42+09:00,247시리즈,247시리즈,exact,0,242,10,247시리즈:242 | 나이키:55 | 모노라이크:18 | 골스튜디오:17 | 제멋:16,ok
2026-09-29T19:06:26+09:00,51퍼센트,51퍼센트,exact,0,266,7,51퍼센트:266 | 51퍼센트 포 우먼:39 | 엔트로피 메이크업:1,ok
2026-09-29T19:34:48+09:00,9999아카이브,9999아카이브,exact,0,230,5,9999아카이브:230,ok
2026-09-29T22:59:26+09:00,999휴머니티,999휴머니티,exact,0,298,6,999휴머니티:298 | 스파오:1 | 월스와일 무브먼트:1,ok
2026-09-30T02:31:22+09:00,가까이유니언즈,가까이 유니언즈,normalized,0,537,10,가까이 유니언즈:537,ok
2026-09-30T01:55:47+09:00,건지울른스,건지 울른스,normalized,0,250,6,건지 울른스:250 | 날씨:1 | 어나더 오피스:1 | 어나더오피스 우먼:1,ok
2026-09-29T10:05:00+09:00,게인스보로,게인스보로,exact,0,334,7,게인스보로:334 | 저스트행:1,ok
2026-09-30T01:29:21+09:00,고스트리퍼블릭,고스트리퍼블릭,exact,0,100,3,고스트리퍼블릭:100,ok
2026-09-29T22:23:49+09:00,곤니치와봉쥬르,곤니치와봉쥬르,exact,0,294,6,곤니치와봉쥬르:294 | 론론:1,ok
2026-09-29T22:11:45+09:00,골스튜디오,골스튜디오,exact,0,806,15,골스튜디오:806 | 골스튜디오 키즈:6 | 라이엇 스토어:2,ok
2026-09-29T22:24:23+09:00,구빈,구빈,exact,0,317,7,구빈:317 | 레토:1,ok
2026-09-29T23:00:28+09:00,굿라이프웍스,굿라이프웍스,exact,0,416,8,굿라이프웍스:416 | 퀵실버:1,ok
2026-09-29T19:26:20+09:00,그라미치,그라미치,exact,0,217,5,그라미치:217 | 그라미치 키즈:3 | 디스이즈네버댓:3,ok
2026-09-29T19:08:47+09:00,그랜디오시티,그랜디오시티,exact,0,213,5,그랜디오시티:213,ok
2026-09-30T02:15:06+09:00,그레이버,그레이버,exact,0,2022,37,그레이버:2022 | 그레이버 오디너리:68 | 메종 드 누아:8 | 언더오프:3 | 비아셉템버:2,ok
2026-09-29T10:37:57+09:00,그루브라임,그루브라임,exact,0,555,11,그루브라임:555,ok
2026-09-29T22:40:44+09:00,글랙,글랙,exact,0,275,6,글랙:275,ok
2026-09-30T02:19:52+09:00,글로니,글로니,exact,0,529,10,글로니:529 | 레스포색:7 | 알키알카:1 | 챔피온:1,ok
2026-09-29T23:24:56+09:00,기준,기준,exact,0,435,11,기준:435 | 기준 맨:137 | 세이브타임:2,ok
2026-09-29T22:58:01+09:00,기철,기철,exact,0,238,5,기철:238,ok
2026-09-29T19:35:09+09:00,길라아카이브,길라아카이브,exact,0,285,6,길라아카이브:285,ok
2026-09-29T23:22:48+09:00,꼬모니노즈,꼬모니노즈,exact,0,498,10,꼬모니노즈:498,ok
2026-09-29T23:58:16+09:00,꼼파뇨,꼼파뇨,exact,0,1084,21,꼼파뇨:1084 | 꼼파뇨 키즈:96 | 코스모폴리탄:10,ok
2026-09-29T19:33:44+09:00,나이스고스트클럽,나이스고스트클럽,exact,0,877,16,나이스고스트클럽:866 | 나이스고스트클럽 키즈:11,ok
2026-09-29T14:54:43+09:00,나이키,나이키,exact,0,1730,40,나이키:1730 | 나이키스윔:212 | 파나틱스:204 | 나이키 아이웨어:109 | 플레이키즈프로:100,ok
2026-09-30T00:00:58+09:00,나인제트,나인제트,exact,0,240,6,나인제트:240 | 씨엘르 애슬레틱:3,ok
2026-09-30T01:03:45+09:00,낫뉴,낫뉴,exact,0,129,4,낫뉴:129 | 뉴비:1,ok
2026-09-30T02:00:43+09:00,낫온리포투데이,낫온리포투데이,exact,0,91,3,낫온리포투데이:91,ok
2026-09-29T22:28:38+09:00,낫유어로즈,낫 유어 로즈,normalized,0,97,3,낫 유어 로즈:97 | 그레이버:2,ok
2026-09-30T01:25:27+09:00,낫포너드,낫포너드,exact,0,686,13,낫포너드:686,ok
2026-09-29T10:06:39+09:00,내셔널지오그래픽,내셔널지오그래픽,exact,0,2263,40,내셔널지오그래픽:1265 | 내셔널지오그래픽 키즈:998 | 내셔널지오그래픽 모바일:123 | 내셔널지오그래픽 프래그런스:8 | 내셔널지오그래픽 디지털:5,ok
2026-09-29T19:37:22+09:00,넌블랭크,넌블랭크,exact,0,649,12,넌블랭크:649,ok
2026-09-29T15:12:42+09:00,노드랩스,노드랩스,exact,0,272,6,노드랩스:272,ok
2026-09-30T02:10:59+09:00,노드유,노드유,exact,0,328,8,노드유:328 | 노드유 우먼:38,ok
2026-09-29T08:34:27+09:00,노디,노디,exact,0,100,2,노디:100 | 메르고:9 | 푸마:3 | 모어모르:2 | 토와브:2,ok
2026-09-29T23:55:06+09:00,노매뉴얼,노매뉴얼,exact,0,1244,22,노매뉴얼:1244,ok
2026-09-29T19:03:41+09:00,노스페이스,노스페이스,exact,0,1921,40,노스페이스:1921 | 노스페이스 키즈:449 | 몬스터리퍼블릭:13 | 타이맥스:3 | 앱놀머씽:2,ok
2026-09-29T10:10:43+09:00,노아,노아,exact,0,288,13,노아:288 | 드노아:62 | 블랑드누아:43 | 사르토르 리사르투스:20 | 블랑수블랑:11,ok
2026-09-30T01:03:30+09:00,노앙,노앙,exact,0,131,4,노앙:131,ok
2026-09-29T19:25:17+09:00,노운,노운,exact,0,328,9,노운:328 | 페이보릿 나운:96 | 피노키:2 | 올리버골드스미스:1,ok
2026-09-29T10:13:24+09:00,노이스,노이스,exact,0,391,9,노이스:391 | 노이스스튜디오:28 | 무센트:1 | 아이러브제이:1 | 플리즈노팔로우:1,ok
2026-09-30T02:22:29+09:00,노이어,노이어,exact,0,663,20,노이어:663 | 노이어 포 우먼:397 | 블랑드누아:43 | 나이키:2 | 드로우핏:2,ok
2026-09-30T02:06:33+09:00,노이즈,노이즈,exact,0,250,12,노이즈:250 | 기키:48 | 그레이노이즈:34 | 소니:12 | 이스케이프프롬:12,ok
2026-09-29T23:34:15+09:00,노컨텐츠,노컨텐츠,exact,0,396,8,노컨텐츠:396,ok
2026-09-29T22:54:18+09:00,노티카,노티카,exact,0,306,7,노티카:306 | 노티카 프래그런스:12 | 리복:1 | 배럴:1,ok
2026-09-29T08:39:41+09:00,놈브레,놈브레,exact,0,70,3,놈브레:70,ok
2026-09-30T01:45:08+09:00,누아트스튜디오,누아트 스튜디오,normalized,0,147,4,누아트 스튜디오:147,ok
2026-09-29T14:51:18+09:00,뉴발란스,뉴발란스,exact,0,1077,27,뉴발란스:1077 | 뉴발란스 키즈:459 | 베이비블리:1 | 컬미넌트:1,ok
2026-09-30T01:34:11+09:00,니티드,니티드,exact,0,457,21,니티드:457 | 무신사 스탠다드:66 | 아쵸:63 | 프레드페리:31 | 무신사 스탠다드 우먼:20,ok
2026-09-29T23:39:29+09:00,닉켈하우스,닉켈하우스,exact,0,43,2,닉켈하우스:43,ok
2026-09-29T19:17:13+09:00,다미쉬,다미쉬,exact,0,356,7,다미쉬:356,ok
2026-09-29T10:20:43+09:00,다이닛,다이닛,exact,0,841,16,다이닛:841 | 더뮤지엄비지터:10,ok
2026-09-29T15:36:09+09:00,다이브인,다이브인,exact,0,346,10,다이브인:346 | 다이브인 우먼:86 | 토리든:57 | 엠엠엘지:2 | 허스텔러:2,ok
2026-09-29T22:10:47+09:00,다이아몬드레이라,다이아몬드 레이라,normalized,0,191,5,다이아몬드 레이라:191,ok
2026-09-30T01:59:24+09:00,더그린랩,더그린랩,exact,0,724,14,더그린랩:724,ok
2026-09-30T01:31:37+09:00,더니트컴퍼니,더니트컴퍼니,exact,0,321,7,더니트컴퍼니:321,ok
2026-09-29T15:10:03+09:00,더마일,더마일,exact,0,690,13,더마일:690 | 세이프선데이:18 | 아모우:2 | 오브이티유:2 | 더 매드니스:1,ok
2026-09-29T08:58:07+09:00,더뮤지엄비지터,더뮤지엄비지터,exact,0,664,13,더뮤지엄비지터:664 | 반스:1,ok
2026-09-30T01:05:40+09:00,더바넷,더바넷,exact,0,310,7,더바넷:310 | 오브히:1,ok
2026-09-29T15:35:51+09:00,더바이닐하우스,더바이닐하우스,exact,0,522,10,더바이닐하우스:522,ok
2026-09-29T22:39:43+09:00,더블유브이프로젝트,더블유브이프로젝트,exact,0,825,15,더블유브이프로젝트:825,ok
2026-09-29T19:45:32+09:00,더블유엠씨,더블유엠씨,exact,0,575,12,더블유엠씨:575 | 에이프:40 | 스케쳐스:4 | 에잇세컨즈:1,ok
2026-09-29T10:08:31+09:00,더엣지,더엣지,exact,0,132,4,더엣지:132 | 주파집:1,ok
2026-09-29T10:23:59+09:00,더콜디스트모먼트,더콜디스트모먼트,exact,0,856,19,더콜디스트모먼트:856 | 왁:144 | 드롤드무슈:21 | 와일드 브릭스:2 | 코오롱스포츠:2,ok
2026-09-29T19:49:44+09:00,던스트,던스트,exact,0,408,16,던스트 포 맨:436 | 던스트:408 | 삠뽀요:1,ok
2026-09-29T19:30:14+09:00,데꼬로소,데꼬로소,exact,0,231,5,데꼬로소:231,ok
2026-09-29T23:31:35+09:00,데비웨어,데비웨어,exact,0,1017,17,데비웨어:1017,ok
2026-09-30T01:51:43+09:00,데상트,데상트,exact,0,1538,40,데상트:1538 | 데상트 골프:721 | 무브스포츠 바이 데상트:140 | 아디다스:1,ok
2026-09-30T01:22:44+09:00,데이,데이,exact,0,25,40,웬스데이딜라잇:121 | 룰루레몬:89 | 배드블러드:65 | 허그데이:46 | 뎃츠잇:44,ok
2026-09-29T23:59:49+09:00,데케트,데케트,exact,0,324,10,데케트:324 | 데케트 우먼:197,ok
2026-09-29T23:38:18+09:00,데케트우먼,데케트 우먼,normalized,0,197,8,데케트:202 | 데케트 우먼:197,ok
2026-09-29T22:09:15+09:00,데프가먼츠,데프가먼츠,exact,0,233,5,데프가먼츠:233,ok
2026-09-29T19:31:06+09:00,도프제이슨,도프제이슨,exact,0,262,6,도프제이슨:262 | 에스에스알엘:2,ok
2026-09-29T19:10:33+09:00,듀베티카,듀베티카,exact,0,970,18,듀베티카:970,ok
2026-09-30T01:21:04+09:00,드로우핏,드로우핏,exact,0,976,31,드로우핏:976 | 드로우핏 우먼:799 | 깜빡:2,ok
2026-09-29T10:35:36+09:00,드로우핏우먼,드로우핏 우먼,normalized,0,798,15,드로우핏 우먼:798 | 드로우핏:18,ok
2026-09-30T01:56:40+09:00,드리프트아웃,드리프트아웃,exact,0,382,7,드리프트아웃:382,ok
2026-09-30T02:30:37+09:00,드릭스,드릭스,exact,0,195,5,드릭스:195,ok
2026-09-30T01:04:41+09:00,드파운드,드파운드,exact,0,425,9,드파운드:425,ok
2026-09-30T01:35:24+09:00,드헤베,드헤베,exact,0,432,9,드헤베:432,ok
2026-09-30T01:06:47+09:00,디더블유에스이,디더블유에스이,exact,0,188,5,디더블유에스이:188,ok
2026-09-29T15:19:10+09:00,디미트리블랙,디미트리블랙,exact,0,536,10,디미트리블랙:536,ok
2026-09-29T15:24:00+09:00,디스이즈네버댓,디스이즈네버댓,exact,0,2062,36,디스이즈네버댓:2062,ok
2026-09-29T14:56:02+09:00,디스커스애슬레틱,디스커스 애슬레틱,normalized,0,364,8,디스커스 애슬레틱:364,ok
2026-09-29T15:05:19+09:00,디쏘에이치,디쏘에이치,exact,0,336,7,디쏘에이치:336,ok
2026-09-29T23:03:34+09:00,디앤에스알,디앤에스알,exact,0,511,12,디앤에스알:511 | 디앤에스알 우먼:96 | 나이키:3,ok
2026-09-29T22:39:31+09:00,디오스피스,디오스피스,exact,0,149,4,디오스피스:149 | 벤힛:8,ok
2026-09-30T01:01:12+09:00,디키즈,디키즈,exact,0,887,16,디키즈:887 | 엠엠엘지:6,ok
2026-09-29T15:03:34+09:00,디파이클럽로버스,디파이클럽로버스,exact,0,169,4,디파이클럽로버스:169,ok
2026-09-30T01:07:39+09:00,뚜오미오,뚜오미오,exact,0,395,8,뚜오미오:395,ok
2026-09-30T01:00:51+09:00,라우디,라우디,exact,0,75,2,라우디:75 | 스위스 밀리터리 캐리어:2 | 미케네:1 | 붐잉:1 | 어썸어스:1,ok
2026-09-30T01:13:57+09:00,라이크더모스트,라이크더모스트,exact,0,548,11,라이크더모스트:548,ok
2026-09-30T02:00:49+09:00,라이프워크,라이프워크,exact,0,1563,34,라이프워크:1563 | 라이프워크 키즈:368 | 암피스트:2,ok
2026-09-29T22:19:21+09:00,라코스테,라코스테,exact,0,2306,40,라코스테:2306 | 라코스테 워치:61 | 라코스테 퍼퓸:11 | 라코스테 아이웨어:9 | 라코스테 케이스:6,ok
2026-09-29T08:35:57+09:00,라티젠,라티젠,exact,0,834,15,라티젠:834,ok
2026-09-29T10:29:56+09:00,락케이크,락케이크,exact,0,361,8,락케이크:361,ok
2026-09-30T01:29:15+09:00,락피쉬웨더웨어,락피쉬웨더웨어,exact,0,226,5,락피쉬웨더웨어:226 | 락피쉬웨더웨어 키즈:10 | 노티카:2 | 듀스피싱:2,ok
2026-09-29T23:34:24+09:00,랜아카이브,랜 아카이브,normalized,0,260,6,랜 아카이브:260 | 밀로 아카이브:4 | 베이컨트 아카이브:2,ok
2026-09-29T19:39:29+09:00,러브이즈트루,러브이즈트루,exact,0,822,15,러브이즈트루:822 | 벌룬프렌즈:9,ok
2026-09-29T23:24:47+09:00,러프넥,러프넥,exact,0,143,4,러프넥:143 | 비디알:5 | 레드윙:3 | 밀로 아카이브:2 | 구보:1,ok
2026-09-29T23:04:53+09:00,러프사이드,러프사이드,exact,0,363,13,러프사이드:363 | 러프사이드 화이트라벨:301,ok
2026-09-29T15:07:16+09:00,런던다다,런던다다,exact,0,416,8,런던다다:416,ok
2026-09-29T22:26:42+09:00,런디,런디,exact,0,174,4,런디:174 | 제로그램:4 | 아이러브제이:2 | 존 스메들리:2 | 프리미아타:1,ok
2026-09-29T23:56:51+09:00,레더리,레더리,exact,0,528,10,레더리:528 | 스페로네 우먼:2 | 먼슬리121:1,ok
2026-09-29T19:18:03+09:00,레스트앤레크레이션,레스트앤레크레이션,exact,0,880,16,레스트앤레크레이션:870 | 레스트앤레크레이션 뷰티:10,ok
2026-09-30T02:01:45+09:00,레씨토,레씨토,exact,0,108,3,레씨토:108,ok
2026-09-29T23:35:30+09:00,레이브,레이브,exact,0,264,7,레이브:264 | 러브레이브리브:40 | 호와스:34 | 어다울:3 | 로우플로우:2,ok
2026-09-30T01:49:01+09:00,레이지비,레이지비,exact,0,684,13,레이지비:684,ok
2026-09-30T02:06:51+09:00,레터리,레터리,exact,0,367,8,레터리:367 | 레터리 뷰티:6 | 알도:3 | 아이러브제이:1,ok
2026-09-29T19:23:31+09:00,레테르코모,레테르코모,exact,0,326,7,레테르코모:326,ok
2026-09-29T08:37:33+09:00,렌세,렌세,exact,0,314,7,렌세:314 | 헌터:1,ok
2026-09-30T02:08:08+09:00,로긴앤로지,로긴 앤 로지,normalized,0,245,6,로긴 앤 로지:245,ok
2026-09-29T08:42:51+09:00,로라로라,로라로라,exact,0,1310,23,로라로라:1310 | 롬앤:1,ok
2026-09-29T19:07:46+09:00,로어링라드,로어링라드,exact,0,132,4,로어링라드:132,ok
2026-09-29T08:31:08+09:00,로우그,로우그,exact,0,97,3,로우그:97 | 언롤서피스:1,ok
2026-09-29T19:35:59+09:00,로우로우,로우로우,exact,0,164,4,로우로우:164 | 트레셔:5 | 챔피온:3 | 리스펙트:2 | 리:1,ok
2026-09-30T02:26:05+09:00,로우클래식,로우클래식,exact,0,286,6,로우클래식:286 | 무드앤플:2 | 버튼서울:2 | 위드아웃썸머:2 | 컬미넌트:2,ok
2026-09-30T01:31:40+09:00,로제프란츠,로제프란츠,exact,0,932,17,로제프란츠:932,ok
2026-09-29T22:27:55+09:00,로타입,로타입,exact,0,324,7,로타입:324,ok
2026-09-29T10:34:23+09:00,로템버,로템버,exact,0,199,5,로템버:199,ok
2026-09-30T02:32:55+09:00,론론,론론,exact,0,1875,33,론론:1875 | 더블유드레스룸:1 | 소수:1 | 오찌:1,ok
2026-09-29T19:28:30+09:00,루나키후,루나키후,exact,0,208,5,루나키후:208,ok
2026-09-29T10:35:27+09:00,루에브르,루에브르,exact,0,350,7,루에브르:350,ok
2026-09-29T19:28:24+09:00,루프,루프,exact,0,234,40,분독:291 | 루프:234 | 에버루프:118 | 퍼피아:98 | 아이캔더:74,ok
2026-09-30T00:03:44+09:00,룩캐스트,룩캐스트,exact,0,554,11,룩캐스트:554,ok
2026-09-29T19:03:41+09:00,룰루레몬,룰루레몬,exact,0,2398,40,룰루레몬:2398 | 매거진 B:2,ok
2026-09-29T19:07:00+09:00,르메메,르메메,exact,0,262,6,르메메:262,ok
2026-09-29T22:31:14+09:00,르몽생미셸,르몽생미셸,exact,0,360,6,르몽생미셸:360,ok
2026-09-30T01:41:02+09:00,르바,르바,exact,0,648,19,르바:648 | 루바티:278 | 르바세:85 | 로렐:12 | GNM자연의품격:2,ok
2026-09-29T22:46:33+09:00,르아르,르아르,exact,0,349,7,르아르:349 | 엠씨엔스포츠:3,ok
2026-09-29T19:40:52+09:00,르아브,르아브,exact,0,192,5,르아브:192 | 멜팅스튜디오:4,ok
2026-09-29T10:02:21+09:00,리,리,exact,0,370,40,리:370 | 리 키즈:226 | 쏘비:89 | 나인티미닛:56 | 엠에이지그램:47,ok
2026-09-29T22:49:56+09:00,리메인세컨드,리메인세컨드,exact,0,146,4,리메인세컨드:146,ok
2026-09-29T22:20:17+09:00,리바이스,리바이스,exact,0,265,7,리바이스:265 | 리바이스 키즈:61 | 플럼에디터:3 | 바이브랩:2 | 바찌:2,ok
2026-09-29T10:13:06+09:00,리브레너,리브레너,exact,0,718,12,리브레너:718,ok
2026-09-29T19:46:56+09:00,링서울,링서울,exact,0,493,10,링서울:493,ok
2026-09-29T14:52:40+09:00,마뗑킴,마뗑킴,exact,0,634,12,마뗑킴:634,ok
2026-09-29T14:49:54+09:00,마리끌레르,마리끌레르,exact,0,301,10,마리끌레르:301 | 모노그래프:159 | 마리끌레르 뷰티:13 | 마리끌레르 패션쇼즈:5 | 폴루션:4,ok
2026-09-30T01:57:17+09:00,마리떼프랑소와저버,마리떼 프랑소와 저버,normalized,0,1345,40,마리떼 프랑소와 저버:1345 | 마리떼 키즈:955 | 마리떼 스포츠:82 | 스칸디아:16 | 분홍코끼리:1,ok
2026-09-29T19:20:12+09:00,마이네임이즈피터,마이네임이즈피터,exact,0,285,6,마이네임이즈피터:285,ok
2026-09-29T23:39:35+09:00,마이딥블루메모리즈,마이딥블루메모리즈,exact,0,255,6,마이딥블루메모리즈:255,ok
2026-09-29T23:49:00+09:00,마인드브릿지,마인드브릿지,exact,0,964,27,마인드브릿지:964 | 마인드브릿지 우먼:575,ok
2026-09-30T02:27:34+09:00,마인드브릿지우먼,마인드브릿지 우먼,normalized,0,575,11,마인드브릿지 우먼:575 | 마인드브릿지:8,ok
2026-09-29T19:09:26+09:00,마크곤잘레스,마크곤잘레스,exact,0,990,20,마크곤잘레스:990 | 마크곤잘레스 키즈:135 | 배럴:9 | 아디다스:3,ok
2026-09-29T10:18:54+09:00,마하그리드,마하그리드,exact,0,1045,19,마하그리드:1045,ok
2026-09-30T01:06:16+09:00,매스노운,매스노운,exact,0,326,7,매스노운:326,ok
2026-09-30T02:03:59+09:00,맥우드건,맥우드건,exact,0,540,10,맥우드건:540,ok
2026-09-30T01:38:39+09:00,메인부스,메인부스,exact,0,309,7,메인부스:309,ok
2026-09-29T23:59:15+09:00,메종미네드,메종미네드,exact,0,194,5,메종미네드:194,ok
2026-09-29T22:30:03+09:00,모더먼트,모더먼트,exact,0,150,4,모더먼트:150,ok
2026-09-29T10:17:39+09:00,모드나인,모드나인,exact,0,202,5,모드나인:202,ok
2026-09-29T22:56:13+09:00,모즈모즈,모즈모즈,exact,0,839,15,모즈모즈:839,ok
2026-09-29T10:36:10+09:00,몰든,몰든,exact,0,172,5,몰든:172 | 컨버스:4 | 웨스트아일랜드:3 | 텐블레이드:3 | 챠미:1,ok
2026-09-29T08:55:27+09:00,몽돌,몽돌,exact,0,327,7,몽돌:327 | 리코하우스:1 | 제이로브:1,ok
2026-09-29T10:31:28+09:00,무드인사이드,무드인사이드,exact,0,423,12,무드인사이드:423 | 무드인사이드 우먼:215,ok
2026-09-29T19:43:14+09:00,무드인사이드우먼,무드인사이드 우먼,normalized,0,214,8,무드인사이드 우먼:214 | 무드인사이드:153,ok
2026-09-30T01:05:11+09:00,무븐,무븐,exact,0,107,3,무븐:107 | 트위:1,ok
2026-09-29T15:22:32+09:00,무센트,무센트,exact,0,854,16,무센트:854,ok
2026-09-29T15:03:59+09:00,무아무아,무아무아,exact,0,191,5,무아무아:191,ok
2026-09-29T15:00:16+09:00,무음,무음,exact,0,130,4,무음:130,ok
2026-09-29T10:31:16+09:00,미나브,미나브,exact,0,430,9,미나브:430,ok
2026-09-29T08:34:11+09:00,미니멀프로젝트,미니멀프로젝트,exact,0,666,14,미니멀프로젝트:666 | 브룩스 브라더스:102 | 미스테이크 프로젝트:10 | 레크프로젝트:8 | 더블유브이프로젝트:6,ok
2026-09-30T02:05:06+09:00,미드나잇무브,미드나잇 무브,normalized,0,470,9,미드나잇 무브:470 | 미드나잇12에이엠:6 | 무브:2 | 노스페이스:1,ok
2026-09-29T19:22:07+09:00,미레코,미레코,exact,0,181,5,미레코:181,ok
2026-09-29T23:50:16+09:00,미세키서울,미세키서울,exact,0,567,11,미세키서울:372 | 미세키서울 맨:195 | 여밈:8,ok
2026-09-29T19:40:18+09:00,미세키서울맨,미세키서울 맨,normalized,0,195,5,미세키서울 맨:195,ok
2026-09-29T14:50:38+09:00,미쏘,미쏘,exact,0,1354,24,미쏘:1354,ok
2026-09-29T23:40:52+09:00,미치코런던코시노,미치코런던 코시노,normalized,0,393,8,미치코런던 코시노:393 | 미치코런던 스포츠:3,ok
2026-09-29T15:00:46+09:00,미케네,미케네,exact,0,574,11,미케네:574 | 코큐:3,ok
2026-09-29T19:17:50+09:00,미학,미학,exact,0,148,4,미학:148 | 일템포셀렉샵:4,ok
2026-09-29T23:53:21+09:00,밀로아카이브,밀로 아카이브,normalized,0,1066,19,밀로 아카이브:1066 | 밀로 우먼:8,ok
2026-09-29T19:16:05+09:00,밀로우먼,밀로 우먼,normalized,0,535,14,밀로 우먼:535 | 밀로 아카이브:165 | 탈리:15 | 잠트:3 | 모멧:2,ok
2026-09-30T01:10:13+09:00,밈더워드로브,밈더워드로브,exact,0,214,5,밈더워드로브:214,ok
2026-09-29T10:33:21+09:00,바우로프로덕트,바우로 프로덕트,normalized,0,442,9,바우로 프로덕트:442,ok
2026-09-30T01:33:56+09:00,바우프,바우프,exact,0,350,7,바우프:350,ok
2026-09-29T15:40:41+09:00,바이모노,바이모노,exact,0,285,6,바이모노:285,ok
2026-09-29T15:40:14+09:00,바이젝,바이젝,exact,0,141,4,바이젝:141,ok
2026-09-29T19:11:51+09:00,바켄,바켄,exact,0,550,12,바켄:550 | 펄바켄:53,ok
2026-09-30T02:18:38+09:00,배드블러드,배드블러드,exact,0,1032,19,배드블러드:1032,ok
2026-09-29T22:35:04+09:00,밴웍스,밴웍스,exact,0,1177,21,밴웍스:1177,ok
2026-09-29T10:21:46+09:00,버던트,버던트,exact,0,270,6,버던트:270 | 오프아워 오브제:4 | 더니트컴퍼니:1 | 데싱디바:1 | 보호 리베리튜드:1,ok
2026-09-29T15:39:40+09:00,베르만어패럴,베르만 어패럴,normalized,0,122,4,베르만 어패럴:122,ok
2026-09-29T14:58:13+09:00,베이스모먼트,베이스모먼트,exact,0,191,6,베이스모먼트:191 | 더콜디스트모먼트:70 | 윅:7 | 38컴온커먼:6 | 버블피스:6,ok
2026-09-30T01:54:04+09:00,베이직하우스,베이직하우스,exact,0,531,10,베이직하우스:531,ok
2026-09-29T19:04:51+09:00,베이프,베이프,exact,0,594,13,베이프:594 | 베이프 키즈:80 | 키브젝트:2 | 랜 아카이브:1,ok
2026-09-30T01:11:38+09:00,벤힛,벤힛,exact,0,530,10,벤힛:530,ok
2026-09-29T23:03:13+09:00,벨리에,벨리에,exact,0,1,2,메무아:3 | 벨리에:1,ok
2026-09-29T08:58:51+09:00,본투윈,본투윈,exact,0,563,11,본투윈:563 | 리무버 스튜디오:2,ok
2026-09-29T10:25:42+09:00,브라운브레스,브라운브레스,exact,0,798,25,브라운브레스:798 | 브라운브레스 키즈:587 | 티블레스:6 | 블랙야크 키즈:2 | 고코리:1,ok
2026-09-29T19:47:48+09:00,브라운야드,브라운야드,exact,0,821,17,브라운야드:821 | 브라운야드 밸런스:108 | 디키즈:2,ok
2026-09-30T01:28:07+09:00,브랜디드,브랜디드,exact,0,300,23,브랜디드:300 | 디스이즈네버댓:70 | 뢰브:44 | 메종 드 누아:38 | 마리떼 프랑소와 저버:27,ok
2026-09-29T15:27:47+09:00,브렌슨,브렌슨,exact,0,219,5,브렌슨:219,ok
2026-09-29T23:52:16+09:00,브론슨,브론슨,exact,0,133,4,브론슨:133 | 킨치:5 | 파슬:3 | 마켓비:2 | 콜:2,ok
2026-09-29T23:05:33+09:00,브룩스브라더스,브룩스 브라더스,normalized,0,1113,20,브룩스 브라더스:1113,ok
2026-09-30T01:14:10+09:00,브이투,브이투,exact,0,446,28,브이투:446 | 볼디스트:54 | 아메리칸투어리스터:54 | 데상트:53 | 네이비팀:47,ok
2026-09-29T19:19:07+09:00,블랙모먼트,블랙모먼트,exact,0,351,7,블랙모먼트:351,ok
2026-09-29T15:02:18+09:00,블루썬플라워,블루썬플라워,exact,0,90,3,블루썬플라워:90,ok
2026-09-30T01:28:32+09:00,비긴202,비긴202,exact,0,141,4,비긴202:141,ok
2026-09-29T23:27:46+09:00,비디알,비디알,exact,0,334,7,비디알:334,ok
2026-09-29T08:50:36+09:00,비바라비다,비바라비다,exact,0,443,9,비바라비다:443,ok
2026-09-29T10:15:09+09:00,비바셔스,비바셔스,exact,0,410,8,비바셔스:410,ok
2026-09-29T23:58:06+09:00,비터셀즈,비터셀즈,exact,0,512,10,비터셀즈:512,ok
2026-09-30T00:03:23+09:00,비헤비어,비헤비어,exact,0,203,5,비헤비어:203,ok
2026-09-29T22:33:11+09:00,빅유니온,빅유니온,exact,0,242,6,빅유니온:242 | 리:2 | 유니온가먼츠:1,ok
2026-09-29T22:37:00+09:00,빈트릴,빈트릴,exact,0,530,12,빈트릴:530 | 빈트릴 뉴욕:82 | 빈트릴 슈즈:10,ok
2026-09-30T01:01:54+09:00,사유,사유,exact,0,0,2,넌즈시:1 | 아레스:1,no_search_results
2026-09-30T02:07:26+09:00,샌드릭,샌드릭,exact,0,227,5,샌드릭:227,ok
2026-09-29T08:37:36+09:00,샌드뮤지엄,샌드뮤지엄,exact,0,177,4,샌드뮤지엄:177,ok
2026-09-29T23:22:09+09:00,세릭,세릭,exact,0,163,4,세릭:163 | 기호:1 | 로제니크:1 | 솔트앤초콜릿:1,ok
2026-09-29T15:37:11+09:00,세컨모놀로그,세컨모놀로그,exact,0,437,9,세컨모놀로그:437,ok
2026-09-29T22:52:58+09:00,세터,세터,exact,0,1671,32,세터:1671 | 세터 키즈:145 | 노스페이스:4 | 테바:4 | 라드인사이드:3,ok
2026-09-30T01:02:41+09:00,센테어,센테어,exact,0,39,2,센테어:39,ok
2026-09-30T01:15:30+09:00,셋업이엑스이,셋업이엑스이,exact,0,356,7,셋업이엑스이:356,ok
2026-09-29T19:37:01+09:00,소버먼트,소버먼트,exact,0,235,5,소버먼트:235,ok
2026-09-29T15:02:51+09:00,소흘,소흘,exact,0,51,2,소흘:51,ok
2026-09-29T08:53:28+09:00,솔트앤초콜릿,솔트앤초콜릿,exact,0,528,10,솔트앤초콜릿:528,ok
2026-09-29T23:47:47+09:00,수아레,수아레,exact,0,279,10,수아레:279 | 수아레 우먼:211,ok
2026-09-29T10:13:52+09:00,수아레우먼,수아레 우먼,normalized,0,211,5,수아레 우먼:211,ok
2026-09-30T01:36:14+09:00,슈퍼서브,슈퍼서브,exact,0,263,6,슈퍼서브:263,ok
2026-09-29T08:45:11+09:00,스웨이드,스웨이드,exact,0,128,40,스웨이드:128 | 마시모두띠:78 | 핏플랍:35 | 에잇세컨즈:30 | 마지셔우드:26,ok
2026-09-29T08:47:41+09:00,스컬프터,스컬프터,exact,0,1238,22,스컬프터:1238 | 어반유니크 라벨:2 | 그릿시즌:1 | 까이에:1 | 뮤드:1,ok
2026-09-29T10:06:14+09:00,스케이터락,스케이터락,exact,0,467,9,스케이터락:467,ok
2026-09-29T10:26:26+09:00,스켈리웩,스켈리웩,exact,0,148,4,스켈리웩:148,ok
2026-09-29T22:57:15+09:00,스키즘인듀싱,스키즘 인듀싱,normalized,0,327,7,스키즘 인듀싱:327,ok
2026-09-29T23:40:36+09:00,스탠다드에러,스탠다드에러,exact,0,266,6,스탠다드에러:266,ok
2026-09-29T10:01:43+09:00,스파오,스파오,exact,0,1032,25,스파오:1032 | 스파오 키즈:403 | 셀바티코:2,ok
2026-09-30T01:09:27+09:00,슬로우레코드하우스,슬로우 레코드 하우스,normalized,0,242,6,슬로우 레코드 하우스:242 | 미니멀프로젝트:5,ok
2026-09-30T01:30:36+09:00,슬로우애시드,슬로우애시드,exact,0,355,7,슬로우애시드:355,ok
2026-09-29T19:13:21+09:00,슬릭글로우,슬릭글로우,exact,0,90,3,슬릭글로우:90 | 다나버튼:2 | 무지개맨션:2 | 몰바니:1 | 에이지투웨니스:1,ok
2026-09-30T01:27:16+09:00,시그니처,시그니처,exact,0,72,40,케이투:107 | 시그니처:72 | 코치:72 | 엠엘비 키즈:67 | 엄브렐라 온더고:63,ok
2026-09-29T23:02:44+09:00,시눈,시눈,exact,0,845,16,시눈:845 | 토앤토:3,ok
2026-09-29T15:06:12+09:00,시도,시도,exact,0,97,3,시도:97 | 글랙:1 | 룩캐스트:1 | 블랙하비:1 | 압소바:1,ok
2026-09-29T15:43:56+09:00,시야쥬,시야쥬,exact,0,1150,21,시야쥬:1150 | 라스트버튼:2 | 오 드 로젤:1,ok
2026-09-29T19:14:31+09:00,시티브리즈,시티브리즈,exact,0,676,13,시티브리즈:676 | 시티브리즈 액티브:20 | 라운지에이피티:1,ok
2026-09-29T10:28:43+09:00,썬러브투어,썬러브투어,exact,0,857,16,썬러브투어:857,ok
2026-09-29T19:39:23+09:00,썸웨어버터,썸웨어버터,exact,0,1121,20,썸웨어버터:1121,ok
2026-09-29T10:22:44+09:00,썸플레이스,썸플레이스,exact,0,453,9,썸플레이스:292 | 썸플레이스 맨:161,ok
2026-09-30T01:02:47+09:00,썸플레이스맨,썸플레이스 맨,normalized,0,161,4,썸플레이스 맨:161,ok
2026-09-29T23:33:23+09:00,씨타,씨타,exact,0,626,12,씨타:626 | 네파:5 | 디야니:3 | 템츠:3 | 더밀루이:1,ok
2026-09-29T19:20:54+09:00,아날로그무드,아날로그무드,exact,0,735,14,아날로그무드:735 | 베러댄88:4 | 류블류샵:1 | 쥴리어스:1,ok
2026-09-29T22:15:10+09:00,아디다스,아디다스,exact,0,1895,40,아디다스:1896 | 아디다스 골프:238 | 아디다스 키즈:141 | 아디다스 언더웨어:45 | 아디다스 향수:30,ok
2026-09-29T23:36:51+09:00,아르반,아르반,exact,0,236,5,아르반:236,ok
2026-09-29T15:26:00+09:00,아메스월드와이드,아메스 월드와이드,normalized,0,815,15,아메스 월드와이드:815 | 버빌리안:1,ok
2026-09-30T02:16:43+09:00,아모우,아모우,exact,0,217,5,아모우:217 | 스티그마:4,ok
2026-09-29T23:37:22+09:00,아수라,아수라,exact,0,354,8,아수라:354 | 원헌드레드퍼센트:11 | 플레이피:3 | 낫포너드:2 | 기철:1,ok
2026-09-30T01:01:48+09:00,아야즈앤세이,아야즈앤세이,exact,0,52,1,아야즈앤세이:52,ok
2026-09-29T08:45:45+09:00,아웃스탠딩,아웃스탠딩,exact,0,454,9,아웃스탠딩:454 | 링케:3 | 데누:1,ok
2026-09-30T01:32:36+09:00,아워데이즈,아워데이즈,exact,0,242,5,아워데이즈:242,ok
2026-09-29T23:28:47+09:00,아워세이아워,아워세이아워,exact,0,209,5,아워세이아워:209,ok
2026-09-29T15:29:12+09:00,아이돈워너셀,아이돈워너셀,exact,0,330,7,아이돈워너셀:330,ok
2026-09-29T09:05:21+09:00,아카이브,,,0,0,132,밀로 아카이브:1067 | 라 메종 스튜디오:423 | 문선 아카이브:349 | 랜 아카이브:261 | 에이치제트 아카이브:237,no_search_results
2026-09-29T22:48:54+09:00,아캄,아캄,exact,0,862,16,아캄:862 | 노스페이스:7 | 락피쉬웨더웨어:2 | 유니폼브릿지:2 | 레드윙:1,ok
2026-09-30T02:29:38+09:00,아틀리에나인,아틀리에 나인,normalized,0,1533,27,아틀리에 나인:1533 | 반원 아틀리에:12 | 해바이해킴:3,ok
2026-09-29T10:16:00+09:00,아티스트웨어,아티스트웨어,exact,0,556,12,아티스트웨어:556 | 아티스트웨어 키즈:29 | 유에프씨 스포츠:12 | 이지:12 | 죤:12,ok
2026-09-29T22:09:44+09:00,안다르,안다르,exact,0,500,11,안다르:500 | 안다르 키즈:51 | 람블라:3 | 디모멘트:1,ok
2026-09-29T23:51:33+09:00,알리스,알리스,exact,0,353,8,알리스:353 | 로사케이:4 | 버빌리안:3 | 브라운햇:3 | 히어리:3,ok
2026-09-29T19:21:13+09:00,알에스에스씨,알에스에스씨,exact,0,193,5,알에스에스씨:193,ok
2026-09-29T22:45:00+09:00,애즈온,애즈온,exact,0,336,7,애즈온:336 | 뮈르뮈르:2 | 와이엔:1 | 파보에:1,ok
2026-09-29T15:14:25+09:00,애즈유아,애즈유아,exact,0,313,7,애즈유아:313,ok
2026-09-29T22:41:16+09:00,애프터프레이,애프터프레이,exact,0,433,9,애프터프레이:433 | 하 아카이브:7,ok
2026-09-30T01:50:48+09:00,앤더슨벨,앤더슨벨,exact,0,617,12,앤더슨벨:617 | 클락스 오리지널스:2,ok
2026-09-29T15:15:58+09:00,앨빈클로,앨빈클로,exact,0,829,16,앨빈클로:829 | 앨빈클로 주니어:47,ok
2026-09-29T08:37:00+09:00,앵글런,앵글런,exact,0,172,4,앵글런:172 | 엔디에이 스튜디오:1,ok
2026-09-29T19:15:19+09:00,어나더아카이브,어나더 아카이브,normalized,0,228,5,어나더 아카이브:228 | 어나더유스:2,ok
2026-09-30T01:40:08+09:00,어나더오피스,어나더 오피스,normalized,0,398,11,어나더 오피스:398 | 어나더오피스 우먼:153,ok
2026-09-30T02:23:18+09:00,어널러코드,어널러코드,exact,0,72,3,어널러코드:72 | 어널러코드 우먼:12,ok
2026-09-30T02:18:04+09:00,어반드레스,어반드레스,exact,0,1219,22,어반드레스:1219,ok
2026-09-29T19:40:58+09:00,어반디타입,어반디타입,exact,0,142,4,어반디타입:142 | 내셔널지오그래픽:3 | 웍스페디션:1,ok
2026-09-30T02:00:10+09:00,어반스터프,어반스터프,exact,0,145,4,어반스터프:145,ok
2026-09-29T08:39:38+09:00,어반에이지,어반에이지,exact,0,614,12,어반에이지:614,ok
2026-09-29T08:33:13+09:00,어텐션로우,어텐션로우,exact,0,166,5,어텐션로우:166 | 어텐션로우 포 우먼:74,ok
2026-09-29T19:11:12+09:00,어패럴아카이브,어패럴아카이브,exact,0,435,9,어패럴아카이브:435,ok
2026-09-29T23:36:04+09:00,언노운플라넷,언노운 플라넷,normalized,0,601,12,언노운 플라넷:601,ok
2026-09-29T22:22:52+09:00,언더아머,언더아머,exact,0,1425,26,언더아머:1425 | 무신사 런:21,ok
2026-09-29T15:20:04+09:00,언더오프,언더오프,exact,0,866,16,언더오프:866,ok
2026-09-29T14:59:36+09:00,언아웃핏,언아웃핏,exact,0,139,4,언아웃핏:139,ok
2026-09-29T22:49:19+09:00,언타이틀 서울,언타이틀 서울,exact,0,194,5,언타이틀 서울:194,ok
2026-09-29T08:44:16+09:00,언탭트스튜디오,언탭트 스튜디오,normalized,0,436,9,언탭트 스튜디오:436,ok
2026-09-29T23:20:46+09:00,엄브로,엄브로,exact,0,1852,32,엄브로:1852 | 슬리피 존스:1 | 커먼 스웨덴:1 | 플래그스터프:1,ok
2026-09-29T15:01:26+09:00,에스에스와이,에스에스와이,exact,0,238,6,에스에스와이:238 | 폴로 랄프 로렌:7 | 누벨르미에르:2 | 아더월들리:2 | 플리즈프로젝트:2,ok
2026-09-29T22:44:06+09:00,에스이에스티,에스이에스티,exact,0,309,7,에스이에스티:309 | 맨하탄페세지:1,ok
2026-09-30T02:20:10+09:00,에스피오나지,에스피오나지,exact,0,548,11,에스피오나지:548,ok
2026-09-29T23:54:22+09:00,에이이에이이,에이이에이이,exact,0,357,7,에이이에이이:357 | 에이에이에이 하이텐션:1 | 에크멀:1,ok
2026-09-29T10:29:32+09:00,에이지오디,에이지오디,exact,0,264,6,에이지오디:264,ok
2026-09-30T01:39:34+09:00,에이치덱스,에이치덱스,exact,0,984,18,에이치덱스:984 | 유에프씨 스포츠:29,ok
2026-09-29T15:08:20+09:00,에이카화이트,에이카화이트,exact,0,319,7,에이카화이트:319 | 페라로 밀라노:2,ok
2026-09-29T14:57:16+09:00,에잇세컨즈,에잇세컨즈,exact,0,2400,40,에잇세컨즈:2400,ok
2026-09-29T15:17:32+09:00,에트오소메,에트오소메,exact,0,508,10,에트오소메:508,ok
2026-09-29T23:00:34+09:00,엑스오엑스,엑스오엑스,exact,0,113,3,엑스오엑스:113 | 베이비메탈클럽:2 | 오오티디 뷰티:2 | 올리비아로렌:1 | 크림소다랩:1,ok
2026-09-30T00:00:04+09:00,엑스컨테이너,엑스컨테이너,exact,0,226,5,엑스컨테이너:226,ok
2026-09-29T15:13:15+09:00,엑스톤즈,엑스톤즈,exact,0,208,5,엑스톤즈:208,ok
2026-09-30T00:01:42+09:00,엑스트라오디너리,엑스트라오디너리,exact,0,360,8,엑스트라오디너리:360 | 와이이이엘:5 | 싹:1,ok
2026-09-30T02:05:09+09:00,엔와이엑스엑스,엔와이엑스엑스,exact,0,522,10,엔와이엑스엑스:522,ok
2026-09-29T08:41:12+09:00,엔조블루스,엔조 블루스,normalized,0,384,8,엔조 블루스:384,ok
2026-09-30T01:09:14+09:00,엘리메노,엘리메노,exact,0,456,12,엘리메노:456 | 엘리메노영스터:147,ok
2026-09-29T15:31:04+09:00,엘무드,엘무드,exact,0,478,14,엘무드:478 | 엘무드 우먼:250,ok
2026-09-30T01:12:38+09:00,엘엑스티,엘엑스티,exact,0,155,4,엘엑스티:155 | 베이직하우스:14,ok
2026-09-30T01:17:53+09:00,엘엠씨,엘엠씨,exact,0,1339,28,엘엠씨:1339 | 스파이더:212 | 푸마:5 | 세인트크루:3 | 토리버치:2,ok
2026-09-30T02:03:23+09:00,엘엠알,엘엠알,exact,0,403,8,엘엠알:403 | 투타임즈유:3,ok
2026-09-29T22:31:54+09:00,엠블러,엠블러,exact,0,294,7,엠블러:294 | 소렐:7 | 화이트샌즈:1,ok
2026-09-29T08:32:14+09:00,엠엘비,엠엘비,exact,0,890,40,엠엘비 키즈:1261 | 엠엘비:890 | 뉴에라:218 | 킨키로봇:9 | 스파이더:6,ok
2026-09-30T02:02:49+09:00,엠엠엘지,엠엠엘지,exact,0,810,15,엠엠엘지:810 | 엠씨엠:3,ok
2026-09-29T23:32:49+09:00,엠오오,엠오오,exact,0,402,9,엠오오:402 | 워킹마스터:13 | 메디필:6 | 츄바스코:6 | 아반:5,ok
2026-09-30T02:09:39+09:00,예스아이씨,예스아이씨,exact,0,874,16,예스아이씨:874 | 우포스:1 | 킨:1,ok
2026-09-29T10:39:04+09:00,오도어,오도어,exact,0,100,4,오도어:100 | 에르메스 어메니티:6 | 피지:6 | 이크닉:5 | 딜라이디:3,ok
2026-09-29T22:47:06+09:00,오드스튜디오,오드스튜디오,exact,0,674,13,오드스튜디오:674,ok
2026-09-29T08:54:36+09:00,오퍼스 0012,오퍼스 0012,exact,0,179,4,오퍼스 0012:179,ok
2026-09-29T22:35:43+09:00,오프메이드,오프메이드,exact,0,64,3,오프메이드:64 | 유니온가먼츠:4 | 에이메이드:2 | 미얼리 메이드:1 | 소네트오브나잇:1,ok
2026-09-29T10:20:46+09:00,오픈야드(오와이),오픈야드(오와이),exact,0,1345,24,오픈야드(오와이):1345 | 오와이:1,ok
2026-09-29T10:39:13+09:00,오헤시오,오헤시오,exact,0,319,7,오헤시오:319 | 무신사 스탠다드 우먼:19,ok
2026-09-30T01:52:43+09:00,오호스,오호스,exact,0,178,5,오호스:178 | 휠라:4 | 네거티브쓰리:2 | 노이토:2 | 스키즘 인듀싱:2,ok
2026-09-29T09:00:09+09:00,와르,와르,exact,0,173,9,와르 포 우먼:238 | 와르:173 | 오버더와르:48 | 블랙하비:3 | 8톤트럭케이스:2,ok
2026-09-29T19:42:37+09:00,와이케이,와이케이,exact,0,673,13,와이케이:673 | 베리클로젯:1,ok
2026-09-29T23:45:04+09:00,와키윌리,와키윌리,exact,0,2037,35,와키윌리:2037 | 리끌로우:2,ok
2026-09-29T22:32:27+09:00,요세미티,요세미티,exact,0,103,5,요세미티:103 | 시에라디자인:49 | 더 레스큐:11 | 뷰오리:9 | 노스페이스:3,ok
2026-09-29T15:20:38+09:00,워크온바디오프,워크온바디오프,exact,0,324,7,워크온바디오프:324,ok
2026-09-29T23:29:13+09:00,원헌드레드퍼센트,원헌드레드퍼센트,exact,0,1846,36,원헌드레드퍼센트:1846 | 원헌드레드퍼센트 포 우먼:200 | 르꼬끄:19 | 엄브로:3 | 클립스 어반:1,ok
2026-09-29T08:33:50+09:00,웨이브걸,웨이브걸,exact,0,120,3,웨이브걸:120,ok
2026-09-29T10:38:15+09:00,웬즈데이오아시스,웬즈데이오아시스,exact,0,531,20,웬즈데이오아시스 포 우먼:568 | 웬즈데이오아시스:455 | 웬즈데이오아시스 키즈:76,ok
2026-09-29T22:38:59+09:00,웬즈데이오아시스포우먼,웬즈데이오아시스 포 우먼,normalized,0,569,11,웬즈데이오아시스 포 우먼:569,ok
2026-09-30T01:17:29+09:00,위캔더스,위캔더스,exact,0,520,11,위캔더스:520 | 위켄더스:20 | 오프위켄드:2 | 씨유아르보:1,ok
2026-09-29T15:05:34+09:00,유니버스가먼트,유니버스 가먼트,normalized,0,221,5,유니버스 가먼트:221,ok
2026-09-29T08:50:55+09:00,유니온블루,유니온블루,exact,0,397,9,유니온블루:397 | 유니온블루 우먼:54,ok
2026-09-29T10:11:58+09:00,유니온스튜디오,유니온스튜디오,exact,0,72,3,유니온스튜디오:72,ok
2026-09-29T08:53:50+09:00,유니폼브릿지,유니폼브릿지,exact,0,1126,20,유니폼브릿지:1126,ok
2026-09-29T22:59:33+09:00,유라고,유라고,exact,0,507,10,유라고:507 | 앤블랭크:2 | 페이드:1,ok
2026-09-29T19:18:55+09:00,유젠,유젠,exact,0,265,6,유젠:265,ok
2026-09-30T02:14:20+09:00,유희,유희,exact,0,514,10,유희:514 | 릴리바이레드:5 | 오찌:1 | 와이쏘씨리얼즈:1 | 원헌드레드퍼센트:1,ok
2026-09-30T01:46:42+09:00,음,음,exact,0,196,34,유니버셜 케미스트리:201 | 음:196 | 셋업이엑스이:125 | 보나츠:123 | 아우어노스텔지아:118,ok
2026-09-29T08:30:40+09:00,이미스,이미스,exact,0,978,18,이미스:978 | 아보프렌즈:8 | 에머슨:1,ok
2026-09-29T15:18:15+09:00,이스케이프프롬,이스케이프프롬,exact,0,1728,30,이스케이프프롬:1728,ok
2026-09-29T22:25:03+09:00,이알에이,이알에이,exact,0,218,8,이알에이:218 | 레인스:19 | 푸마:18 | 코닥 카메라:17 | 오디드:8,ok
2026-09-30T02:11:48+09:00,이알티알,이알티알,exact,0,293,6,이알티알:293,ok
2026-09-30T01:10:41+09:00,이와이이알,이와이이알,exact,0,184,5,이와이이알:184,ok
2026-09-29T23:01:38+09:00,이지노이지,이지노이지,exact,0,212,5,이지노이지:212,ok
2026-09-29T10:10:46+09:00,이투둘,이투둘,exact,0,98,23,르꼬끄:181 | 르꼬끄 골프:163 | 이투둘:98 | 먼싱웨어:92 | 이이이알알알:74,ok
2026-09-29T10:07:45+09:00,이티씨이,이티씨이,exact,0,190,5,이티씨이:190,ok
2026-09-29T22:30:58+09:00,인더스트,인더스트,exact,0,298,7,인더스트:298 | 페이드:5 | 더블제이디:3 | 트립샵:2,ok
2026-09-29T15:38:49+09:00,인사일런스,인사일런스,exact,0,650,22,인사일런스:650 | 인사일런스 우먼:567 | 필프:4 | 브랜디드:2 | 크루치:2,ok
2026-09-29T15:45:03+09:00,인사일런스우먼,인사일런스 우먼,normalized,0,567,16,인사일런스 우먼:567 | 인사일런스:317 | 필프:4 | 크루치:2 | 비엘알:1,ok
2026-09-29T15:32:21+09:00,인템포무드,인템포무드,exact,0,333,7,인템포무드:333,ok
2026-09-29T15:42:00+09:00,일꼬르소,일꼬르소,exact,0,468,9,일꼬르소:468,ok
2026-09-29T23:50:34+09:00,일리고,일리고,exact,0,590,17,일리고:590 | 프레드페리:36 | 뉴해빗:22 | 래핑차일드:22 | 제이반스 클래식:17,ok
2026-09-29T22:37:44+09:00,일리오,일리오,exact,0,244,6,일리오:244,ok
2026-09-29T08:49:12+09:00,제너럴아이디어,제너럴아이디어,exact,0,1575,28,제너럴아이디어:1575,ok
2026-09-29T22:58:13+09:00,제로,제로,exact,0,59,40,디애퍼처:142 | 지제로 송지오:88 | 아이러브제이:79 | 아디다스:78 | 스파오:59,ok
2026-09-29T15:02:39+09:00,제로플래닛,제로플래닛,exact,0,252,6,제로플래닛:252,ok
2026-09-30T02:29:47+09:00,제멋,제멋,exact,0,945,17,제멋:945,ok
2026-09-29T19:43:55+09:00,제이엘브,제이엘브,exact,0,281,6,제이엘브:281,ok
2026-09-29T22:22:43+09:00,젝시믹스,젝시믹스,exact,0,2008,37,젝시믹스:2008 | 젝시믹스 키즈:151,ok
2026-09-30T00:02:38+09:00,주앙옴므,주앙옴므,exact,0,143,4,주앙옴므:143 | 브랜디드:3 | 디앤에스알:1,ok
2026-09-29T14:58:19+09:00,지오다노,지오다노,exact,0,1006,18,지오다노:1006,ok
2026-09-29T15:11:36+09:00,지크립,지크립,exact,0,385,8,지크립:385,ok
2026-09-30T01:47:37+09:00,지프,지프,exact,0,541,21,지프:541 | 지프키즈:255 | 지프 슈즈:190 | 제이엑스피:62 | 지프 캠핑:24,ok
2026-09-29T19:06:01+09:00,챔피온,챔피온,exact,0,1292,27,챔피온:1292 | 레고:22 | 위캔더스:21 | 조마:19 | 크림소다랩:15,ok
2026-09-29T15:10:31+09:00,체이스컬트,체이스컬트,exact,0,2378,40,체이스컬트:2378,ok
2026-09-30T02:24:43+09:00,칙스,칙스,exact,0,650,13,칙스:650 | 본챔스:5 | 캔메이크:4 | 러브오낫:3 | 락포트:2,ok
2026-09-29T22:28:32+09:00,카고브로스,카고브로스,exact,0,1181,34,카고브로스:1181 | 카고브로스 포 우먼:760,ok
2026-09-29T10:08:19+09:00,카고브로스포우먼,카고브로스 포 우먼,normalized,0,763,14,카고브로스 포 우먼:763,ok
2026-09-29T08:57:04+09:00,카네이테이,카네이테이,exact,0,416,8,카네이테이:416 | 비슬로우:2,ok
2026-09-29T15:04:21+09:00,카락터,카락터,exact,0,123,4,카락터:123,ok
2026-09-29T08:36:06+09:00,카멜워크,카멜워크,exact,0,229,8,카멜워크:229 | 디키즈:6 | 메르시앤에스:4 | 르몽생미셸:3 | 볼디스트:3,ok
2026-09-29T14:59:05+09:00,카미드,카미드,exact,0,141,4,카미드:141,ok
2026-09-30T01:08:22+09:00,카비시,카비시,exact,0,456,9,카비시:456,ok
2026-09-29T22:29:25+09:00,카인다미,카인다미,exact,0,114,3,카인다미:114,ok
2026-09-29T10:32:06+09:00,카키포인트,카키포인트,exact,0,224,5,카키포인트:224,ok
2026-09-30T01:00:32+09:00,캘빈클라인진,캘빈클라인 진,normalized,0,532,11,캘빈클라인 진:532 | 커버낫 키즈:34 | 헙스로우:10 | 씨위:2 | 에스티코:2,ok
2026-09-29T15:27:42+09:00,커버낫,커버낫,exact,0,1303,40,커버낫:1304 | 커버낫 우먼:760 | 커버낫 키즈:332 | 커버낫 뷰티:4,ok
2026-09-29T23:21:28+09:00,커버낫우먼,커버낫 우먼,normalized,0,1190,40,커버낫:1210 | 커버낫 우먼:1190,ok
2026-09-29T15:34:23+09:00,커스텀어클락,커스텀어클락,exact,0,188,6,커스텀어클락:188 | 커스텀어클락 우먼:109,ok
2026-09-29T19:14:09+09:00,커스텀어클락우먼,커스텀어클락 우먼,normalized,0,109,3,커스텀어클락 우먼:109 | 커스텀어클락:11,ok
2026-09-30T01:01:18+09:00,케이엔드,케이엔드,exact,0,85,3,케이엔드:85,ok
2026-09-29T22:25:58+09:00,케이케이이이이,케이케이이이이,exact,0,76,3,케이케이이이이:76,ok
2026-09-29T22:17:42+09:00,코닥,코닥,exact,0,1970,40,코닥:1970 | 코닥 키즈:352 | 코닥 캐리어:45 | 코닥 카메라:25 | 코닥 언더웨어:8,ok
2026-09-30T01:24:03+09:00,코드그라피,코드그라피,exact,0,1408,25,코드그라피:1408 | 투미:1,ok
2026-09-30T02:12:58+09:00,코이리스,코이리스,exact,0,254,6,코이리스:254 | 무센트:5,ok
2026-09-29T22:53:07+09:00,쿠어,쿠어,exact,0,772,19,쿠어:772 | 쿠어 우먼:237 | 멀로:11 | 레츠큐어:10 | 아이그룸:6,ok
2026-09-29T19:24:07+09:00,크랭크,크랭크,exact,0,443,10,크랭크:443 | 노그:28 | 코소:13 | 페달레:3 | 라이엇 스토어:2,ok
2026-09-29T22:33:51+09:00,크리건,크리건,exact,0,114,3,크리건:114,ok
2026-09-29T22:43:35+09:00,크림소다랩,크림소다랩,exact,0,1202,22,크림소다랩:1202,ok
2026-09-29T15:44:15+09:00,키르시,키르시,exact,0,1313,25,키르시:1313 | 키르시 언더웨어:53 | 키르시블렌딩:17 | 트루릴리젼:3 | 케이스위스:1,ok
2026-09-30T02:15:36+09:00,키뮤어,키뮤어,exact,0,437,9,키뮤어:437,ok
2026-09-29T23:23:49+09:00,킴지수,킴지수,exact,0,407,8,킴지수:407,ok
2026-09-29T22:09:49+09:00,타미진스,타미진스,exact,0,589,12,타미진스:589 | 타미힐피거:34 | 타미힐피거 키즈:14,ok
2026-09-29T22:48:20+09:00,탄산마그네슘,탄산마그네슘,exact,0,492,10,탄산마그네슘:492,ok
2026-09-29T15:38:58+09:00,테이크이지,테이크이지,exact,0,304,11,테이크이지:304 | 테이크이지 키즈:268,ok
2026-09-30T01:51:58+09:00,테켓,테켓,exact,0,517,10,테켓:517,ok
2026-09-29T23:21:13+09:00,텍스,텍스,exact,0,49,7,투머치택스:145 | 텍스:49 | 디아도라:46 | 플레이텍스:41 | 사운드오브선라이즈:11,ok
2026-09-29T15:01:29+09:00,토런스,토런스,exact,0,88,3,토런스:88 | 아이더:2 | 스위스 밀리터리 캐리어:1,ok
2026-09-29T19:42:03+09:00,토마스모어,토마스모어,exact,0,121,4,토마스모어:121,ok
2026-09-29T08:49:31+09:00,토피,토피,exact,0,374,12,토피:374 | 토피 우먼:144 | 엄브로:13 | 오찌:8 | 오소이:7,ok
2026-09-29T08:38:55+09:00,튜드먼트,튜드먼트,exact,0,564,11,튜드먼트:564,ok
2026-09-29T23:23:24+09:00,트래드클럽,트래드클럽,exact,0,202,4,트래드클럽:202,ok
2026-09-29T10:28:30+09:00,트래블,트래블,exact,0,214,40,트래블:214 | 베르만:72 | 투미:50 | 헌터:49 | 쌤소나이트:42,ok
2026-09-30T02:26:14+09:00,트리밍버드,트리밍버드,exact,0,887,16,트리밍버드:887,ok
2026-09-29T23:46:43+09:00,트릴리온,트릴리온,exact,0,132,40,트릴리온:132 | 볼빅 골프웨어:115 | 제너럴아이디어:106 | 노운베러:102 | 지오송지오:91,ok
2026-09-29T19:48:52+09:00,트립르센스,트립르센스,exact,0,719,13,트립르센스:719,ok
2026-09-29T08:30:04+09:00,트위,트위,exact,0,508,12,트위:508 | 칼린:18 | 제이반스 클래식:17 | 이지요가:8 | 시스터후드:7,ok
2026-09-29T23:38:58+09:00,티엔지티,티엔지티,exact,0,535,12,티엔지티:535 | 티엔지티 우먼:116,ok
2026-09-29T08:55:21+09:00,틸아이다이,틸아이다이,exact,0,511,10,틸아이다이:511,ok
2026-09-29T15:31:26+09:00,파르티멘토,파르티멘토,exact,0,495,32,파르티멘토 우먼:1303 | 파르티멘토:495 | 파르티멘토 리웍스:21 | 아투스모멍트:6,ok
2026-09-29T19:34:00+09:00,파르티멘토우먼,파르티멘토 우먼,normalized,0,1302,25,파르티멘토 우먼:1302 | 파르티멘토:95,ok
2026-09-30T01:35:30+09:00,파브레가,파브레가,exact,0,394,8,파브레가:394,ok
2026-09-29T19:29:22+09:00,파시온,파시온,exact,0,157,6,파시온:157 | 드파시온:95,ok
2026-09-29T22:12:36+09:00,파타고니아,파타고니아,exact,0,134,4,파타고니아:134 | 크래프트링크:2 | 매거진 B:1,ok
2026-09-30T01:44:15+09:00,패러다임필름,패러다임 필름,normalized,0,144,4,패러다임 필름:144,ok
2026-09-29T10:16:53+09:00,팬시클럽,팬시클럽,exact,0,355,8,팬시클럽:355 | 데미지니모닉:4 | 선데이디스코클럽:4 | 아바몰리:3 | 지이크 서촌 하우스:2,ok
2026-09-29T23:31:29+09:00,퍼스텝,퍼스텝,exact,0,865,16,퍼스텝:865,ok
2026-09-29T23:29:58+09:00,펀치드렁크파티즈,펀치드렁크파티즈,exact,0,99,3,펀치드렁크파티즈:99,ok
2026-09-29T08:31:58+09:00,페인오어플레져,페인오어플레져,exact,0,147,4,페인오어플레져:147,ok
2026-09-29T15:12:15+09:00,페플,페플,exact,0,791,15,페플:791 | 링서울:3 | 파도 서울:2 | 피파 1904:2 | 몰리올리:1,ok
2026-09-29T19:12:48+09:00,편마,편마,exact,0,66,2,편마:66 | 페닥:1,ok
2026-09-29T10:03:04+09:00,폴로랄프로렌,폴로 랄프 로렌,normalized,0,798,22,폴로 랄프 로렌:798 | 폴로 랄프 로렌 칠드런:191 | 폴로 랄프로렌 이너웨어:161 | 폴로 랄프 로렌 골프:46 | 폴로랄프로렌 퍼퓸:29,ok
2026-09-29T10:11:30+09:00,프레리,프레리,exact,0,84,4,프레리:84 | 레드윙:6 | 라이플 페이퍼:4 | 그린버터:3 | 무신사 스탠다드:3,ok
2026-09-29T10:33:27+09:00,프렌다,프렌다,exact,0,511,10,프렌다:511,ok
2026-09-29T22:36:30+09:00,프로젝트웨이브,프로젝트 웨이브,normalized,0,202,5,프로젝트 웨이브:202,ok
2026-09-29T22:43:05+09:00,프리덤,프리덤,exact,0,375,14,프리덤:375 | 이고프리덤랩:129 | 그리디어스:26 | 210에디트:19 | 레스포색:12,ok
2026-09-29T10:04:02+09:00,프리버07,프리버07,exact,0,359,7,프리버07:359 | 아티스트웨어:1,ok
2026-09-30T02:22:50+09:00,프리즘웍스,프리즘웍스,exact,0,1192,21,프리즘웍스:1192,ok
2026-09-29T15:34:32+09:00,플랙,플랙,exact,0,448,22,플랙 우먼:722 | 플랙:448 | 아라리:63 | 분트로이:6 | 마운티아:3,ok
2026-09-29T23:55:28+09:00,플레어업,플레어업,exact,0,248,6,플레어업:248,ok
2026-09-29T22:29:19+09:00,플레이버리즘,플레이버리즘,exact,0,35,2,플레이버리즘:35,ok
2026-09-29T22:45:31+09:00,플레이스스튜디오,플레이스 스튜디오,normalized,0,355,8,플레이스 스튜디오:355 | 라 메종 스튜디오:6 | 멜팅스튜디오:2,ok
2026-09-29T22:34:52+09:00,플레이스스튜디오맨,플레이스스튜디오맨,exact,0,179,4,플레이스스튜디오맨:179,ok
2026-09-29T08:52:18+09:00,플리즈노팔로우,플리즈노팔로우,exact,0,494,10,플리즈노팔로우:494,ok
2026-09-30T01:55:33+09:00,피마다지윈,피마다지윈,exact,0,66,3,피마다지윈:66,ok
2026-09-29T23:26:39+09:00,피아네르,피아네르,exact,0,322,12,피아네르:322 | 피아네르 키즈:296,ok
2026-09-29T19:49:47+09:00,피인오,피인오,exact,0,141,4,피인오:141 | 데이즈데이즈:7 | 드파운드:4 | 엘더블유엘:4 | 제이리움:4,ok
2026-09-29T10:14:41+09:00,피지컬가먼츠,피지컬가먼츠,exact,0,247,6,피지컬가먼츠:247,ok
2026-09-29T19:27:48+09:00,피지컬디파트먼트,피지컬 디파트먼트,normalized,0,478,10,피지컬 디파트먼트:478 | 핍스마트:6 | 버터플라이 스포츠웨어:1,ok
2026-09-29T19:31:31+09:00,필루미네이트,필루미네이트,exact,0,1010,18,필루미네이트:1010,ok
2026-09-29T23:42:36+09:00,핍스모터사이클,핍스 모터사이클,normalized,0,835,15,핍스 모터사이클:835,ok
2026-09-29T19:45:23+09:00,하아카이브,하 아카이브,normalized,0,77,3,하 아카이브:77,ok
2026-09-30T02:09:21+09:00,하이스쿨디스코,하이스쿨디스코,exact,0,350,7,하이스쿨디스코:350,ok
2026-09-30T01:44:43+09:00,할리데이비슨컬렉션스,할리데이비슨 컬렉션스®,normalized,0,394,8,할리데이비슨 컬렉션스®:394,ok
2026-09-29T19:12:25+09:00,해브해드,해브해드,exact,0,236,5,해브해드:236,ok
2026-09-29T19:44:49+09:00,해비즘,해비즘,exact,0,283,6,해비즘:283,ok
2026-09-30T00:02:19+09:00,해칭룸,해칭룸,exact,0,437,9,해칭룸:437 | 디키즈:13,ok
2026-09-30T01:36:52+09:00,허그본,허그본,exact,0,91,2,허그본:91,ok
2026-09-29T15:14:04+09:00,허그유어스킨,허그유어스킨,exact,0,312,7,허그유어스킨:312 | 언룰리피아:1 | 오드타입:1,ok
2026-09-30T02:24:21+09:00,헬레네파리스,헬레네파리스,exact,0,306,7,헬레네파리스:306,ok
2026-09-29T22:50:27+09:00,효지,효지,exact,0,163,4,효지:163,ok
2026-09-30T01:37:29+09:00,후드후드,후드후드,exact,0,482,10,후드후드:482,ok
2026-09-29T19:35:40+09:00,후러브스아트,후러브스아트,exact,0,100,3,후러브스아트:100,ok
2026-09-29T15:26:58+09:00,후브스,후브스,exact,0,318,7,후브스:318 | 카인더베이비:1 | 펜필드:1,ok
