first_seen_at,brand_name,goods_no,product_name,normal_price,current_price,sale_rate
2026-08-25T13:44:31+09:00,데이,6693875,피그먼트 세미 크롭 헨리넥 반팔 티셔츠_CHARCOAL,46000,23200,50
2026-08-25T13:44:31+09:00,데이,6633290,롤업 투포켓 무드 체크 하프 셔츠,63000,32500,48
2026-08-25T13:44:31+09:00,데이,6651289,세미 크롭 헨리넥 와플 반팔 티셔츠_4 COLOR,53000,11900,78
2026-08-25T13:44:31+09:00,데이,6651245,세미 크롭 라운드 와플 반팔 티셔츠_4 COLOR,48000,9900,79
2026-08-25T13:44:31+09:00,데이,6654336,"[라운드, 헨리넥] 세미 크롭 슬라브 반팔 티셔츠_2 STYLE",46500,23500,49
2026-08-25T13:44:31+09:00,데이,6654291,세미 크롭 헨리넥 슬라브 반팔 티셔츠_5 COLOR,55500,11900,79
2026-08-25T13:44:31+09:00,데이,6654277,세미 크롭 라운드 슬라브 반팔 티셔츠_5 COLOR,46500,10900,77
2026-08-25T13:44:31+09:00,데이,6581338,CP 머슬핏 헨리넥 반팔 티셔츠_4 COLOR,37000,14350,61
2026-08-25T13:44:31+09:00,데이,6517884,[썸머] 워싱 릴렉스 버뮤다 팬츠_5 COLOR,59000,9900,83
2026-08-25T13:44:31+09:00,데이,6517839,[썸머] 워싱 릴렉스 버뮤다 데님_2 COLOR,61000,9900,84
2026-08-25T13:44:31+09:00,데이,6497498,크롭 골지 반팔 헨리넥 티셔츠_5 COLOR,46000,27500,40
2026-08-25T13:44:31+09:00,데이,6466201,[썸머] 링클 썸머 피크닉 체크 셔츠_2 COLOR,72000,39900,45
2026-08-25T13:44:31+09:00,데이,6326890,[썸머] 링클 세미 와이드 밴딩 팬츠_4 COLOR,62000,11900,81
2026-08-25T13:44:31+09:00,데이,6382829,[썸머] 소프트쿨 원턱 풀밴딩 팬츠_6 COLOR,55000,11900,78
2026-08-25T13:44:31+09:00,데이,6326872,[썸머] 링클 스트라이프 셔츠_5 COLOR,55000,25900,53
2026-08-25T13:44:31+09:00,데이,6326879,[썸머] 시어서커 데일리 체크 셔츠_3 COLOR,61000,13800,77
2026-08-25T13:44:31+09:00,데이,6326865,[썸머] 워싱 링클 셔츠_CHARCOAL,59000,33500,43
2026-08-25T13:44:31+09:00,데이,6200657,크롭 골지 반팔 티셔츠_5COLOR,44000,22300,49
2026-08-25T13:44:31+09:00,데이,6200675,"[헨리넥, 라운드] 세미 크롭 니트 반팔 티셔츠 (2 STLYE)",59000,9900,83
2026-08-25T13:44:31+09:00,데이,6246516,윈드 헤링턴 자켓_3 COLOR,99000,99000,0
2026-08-25T13:44:31+09:00,데이,6217220,시그니처 니트 시리즈 (Summer.Ver),59000,5900,90
2026-08-25T13:44:31+09:00,데이,6211680,20수 크루넥 반팔 티셔츠_2 COLOR,39000,4900,87
2026-08-25T13:44:36+09:00,디미트리블랙,7108774,[10주년기획] © 모두의 Comfortemp® 미드웨이트 패딩_4 COLOR,133400,79900,40
2026-08-25T13:44:36+09:00,디미트리블랙,7108772,[리뉴얼] 라이트 쉘 경량 PCK 다운 자켓_립스탑 그레이,121000,79900,34
2026-08-25T13:44:36+09:00,디미트리블랙,7108771,2WAY 에센셜 해링턴 자켓_(C/N 워시드) 4 COLOR,89900,59900,33
2026-08-25T13:44:36+09:00,디미트리블랙,7108769,VLAD 커브드 밴딩 카고 팬츠_(코튼 FADE) 3 COLOR,56500,34900,38
2026-08-25T13:44:36+09:00,디미트리블랙,7108767,VLAD 피그먼트 머스탱 후드 티셔츠_2 COLOR,66500,39900,40
2026-08-25T13:44:36+09:00,디미트리블랙,7108765,VLAD 피그먼트 트랙 후드 티셔츠_3 COLOR,61500,36900,40
2026-08-25T13:44:36+09:00,디미트리블랙,7108764,VLAD 나일론 코어 풀오버_3 COLOR,56700,33900,40
2026-08-25T13:44:36+09:00,디미트리블랙,7051974,VLAD 원턱 커브드 트랙 팬츠_(3심볼 저지) 3 COLOR,49200,33900,31
2026-08-25T13:44:36+09:00,디미트리블랙,7051973,VLAD 빈티지 ARCH 링거 맨투맨 티셔츠_4 COLOR,58400,37900,35
2026-08-25T13:44:36+09:00,디미트리블랙,7051972,VLAD 빈티지 PEACEMAKER 링거 맨투맨 티셔츠_4 COLOR,58400,34900,40
2026-08-25T13:44:36+09:00,디미트리블랙,7051971,VLAD 2WAY 피그먼트 트랙 후드 집업_3 COLOR,66500,39900,40
2026-08-25T13:44:36+09:00,디미트리블랙,7051969,ASTRO 아트웍 후드 집업_2 COLOR,66500,43900,34
2026-08-25T13:44:36+09:00,디미트리블랙,7051968,모크넥 쿼터 집업 맨투맨 티셔츠_3 COLOR,60000,38900,35
2026-08-25T13:44:36+09:00,디미트리블랙,7051967,원턱 플래드 체크 밴딩 팬츠_2 COLOR,50000,34900,30
2026-08-25T13:44:36+09:00,디미트리블랙,7051966,레귤러 와플 헨리넥 티셔츠_4 COLOR,55000,36900,33
2026-08-25T13:44:36+09:00,디미트리블랙,7051965,[10주년기획] © 모두의 에센셜 데님 팬츠_(커브드 핏) 4 COLOR,50000,34900,30
2026-08-25T13:44:36+09:00,디미트리블랙,7051963,[10주년기획] © 모두의 에센셜 데님 팬츠_(세미 플레어 핏) 4 COLOR,50000,29900,40
2026-08-25T13:44:36+09:00,디미트리블랙,7051962,[10주년기획] © 모두의 에센셜 스웻 후드 티셔츠 (VTG FADE)_4 COLOR,60000,38900,35
2026-08-25T13:44:36+09:00,디미트리블랙,7051961,[10주년기획] © 모두의 소프트 터치 맨투맨 (VTG FADE)_5 COLOR,58200,34900,40
2026-08-25T13:44:36+09:00,디미트리블랙,7051960,[10주년기획] ⓒ 모두의 커브드 치노 팬츠_(스트레이트핏) 3 COLOR,50000,34900,30
2026-08-25T13:44:36+09:00,디미트리블랙,6951167,[10주년기획] © 모두의 소프트 터치 맨투맨 (래글런 배색)_2 COLOR,49900,35900,28
2026-08-25T13:44:36+09:00,디미트리블랙,6951166,바이오워싱 세미 오버 데님 셔츠_2 COLOR,49900,34900,30
2026-08-25T13:44:36+09:00,디미트리블랙,6951165,페이드워싱 미니멀 웨스턴 데님 셔츠_2 COLOR,54900,36900,33
2026-08-25T13:44:36+09:00,디미트리블랙,6951164,ASTRO 아트웍 후드 티셔츠_2 COLOR,66500,38900,42
2026-08-25T13:44:36+09:00,디미트리블랙,6951163,에센셜 RIBBED 롱슬리브 티셔츠_헨리넥 3 COLOR,49900,33900,32
2026-08-25T13:44:36+09:00,디미트리블랙,6951162,미니멀 프렌치 테리 브이넥 티셔츠_5 COLOR,44900,26900,40
2026-08-25T13:44:36+09:00,디미트리블랙,6951160,M65 파라슈트 커브드 팬츠_코튼 3 COLOR,56700,43900,23
2026-08-25T13:44:36+09:00,디미트리블랙,6951159,[10주년기획] ⓒ 모두의 수소봉제 긴팔 티셔츠_8 COLOR,46000,25900,44
2026-08-25T13:44:36+09:00,디미트리블랙,6951158,[10주년기획] ⓒ 모두의 수소봉제 긴팔 티셔츠_스트라이프 2 COLOR,46000,29900,35
2026-08-25T13:44:36+09:00,디미트리블랙,6951157,[10주년기획] © 모두의 데일리 런드리 셔츠_7 COLOR,44900,29900,33
2026-08-25T13:44:36+09:00,디미트리블랙,6520343,보더 스트라이프 링거 티셔츠_3 COLOR,41500,19900,52
2026-08-25T13:44:36+09:00,디미트리블랙,6520342,배색 레이어드 롤업 반팔 티셔츠_피그먼트 차콜,49900,24900,50
2026-08-25T13:44:36+09:00,디미트리블랙,6520341,배색 레이어드 롤업 반팔 티셔츠_피그먼트 네이비,49900,24900,50
2026-08-25T13:44:36+09:00,디미트리블랙,6471922,VTG 피그먼트 아트웍 링거 티셔츠_TYPE 4,45000,16900,62
2026-08-25T13:44:36+09:00,디미트리블랙,6471921,VTG 피그먼트 아트웍 티셔츠_TYPE 3,45000,16900,62
2026-08-25T13:44:36+09:00,디미트리블랙,6424500,[DIMITRI × 심자몬] VTG 피그먼트 아트웍 티셔츠_TYPE 2,45000,19900,56
2026-08-25T13:44:36+09:00,디미트리블랙,6424499,[DIMITRI × 심자몬] VTG 피그먼트 아트웍 티셔츠_TYPE 1,45000,19900,56
2026-08-25T13:44:36+09:00,디미트리블랙,6424498,VLAD 빈티지 PEACEMAKER 링거 티셔츠_4 COLOR,45000,19900,56
2026-08-25T13:44:36+09:00,디미트리블랙,6359013,[10주년기획] ⓒ 모두의 수소봉제 반팔 티셔츠 (COOLMAX® 원단)_헨리넥 5 COLOR,46000,19900,57
2026-08-25T13:44:36+09:00,디미트리블랙,6359011,[10주년기획] ⓒ 모두의 수소봉제 반팔 티셔츠 (COOLMAX® 원단)_브이넥 5 COLOR,46000,14900,68
2026-08-25T13:44:36+09:00,디미트리블랙,6359010,© 모두의 밴딩 커브드 슬랙스_하프 3 COLOR,50000,16900,66
2026-08-25T13:44:36+09:00,디미트리블랙,6359009,[핏 선택] 에센셜 버뮤다 / 커브드 데님 하프 팬츠_5 COLOR,54900,19900,64
2026-08-25T13:44:36+09:00,디미트리블랙,6359008,[10주년기획] © 모두의 세미 크롭 체크 셔츠_하프 9 COLOR,44900,16900,62
2026-08-25T13:44:36+09:00,디미트리블랙,6359007,VLAD 유틸리티 라이트 러닝_셋업 3 COLOR,106500,69900,34
2026-08-25T13:44:36+09:00,디미트리블랙,6359006,VLAD 유틸리티 라이트 러닝_풀오버 3 COLOR,58200,19900,66
2026-08-25T13:44:36+09:00,디미트리블랙,6359005,VLAD 유틸리티 라이트 러닝_쇼츠 3 COLOR,58200,19900,66
2026-08-25T13:44:36+09:00,디미트리블랙,6317952,© 모두의 커브드 치노 팬츠_하프 4 COLOR,50000,19900,60
2026-08-25T13:44:36+09:00,디미트리블랙,6317951,VLAD 원턱 커브드 트랙 스웻 팬츠_하프 버뮤다 2 COLOR,49200,16900,66
2026-08-25T13:44:36+09:00,디미트리블랙,6317950,바이오워싱 크롭 데님 반팔 셔츠_2 COLOR,39900,23900,40
2026-08-25T13:44:36+09:00,디미트리블랙,6317949,VLAD PUNK 세미 크롭 티셔츠_피그먼트 차콜,45000,29900,34
2026-08-25T13:44:36+09:00,디미트리블랙,6317948,VLAD N.ROVER 세미 크롭 티셔츠_피그먼트 차콜,45000,29900,34
2026-08-25T13:44:36+09:00,디미트리블랙,6317947,VLAD 빈티지 OBLIVION 세미 크롭 티셔츠_피그먼트 차콜,45000,29900,34
2026-08-25T13:44:36+09:00,디미트리블랙,6278964,[10주년기획] © 모두의 써머 울 하프 니트_카라/라운드 8 COLOR,49900,19900,60
2026-08-25T13:44:36+09:00,디미트리블랙,6278963,[10주년기획] © 모두의 써머 울 하프 니트_헨리넥 4 COLOR,49900,24900,50
2026-08-25T13:44:36+09:00,디미트리블랙,6278962,[10주년기획] © 모두의 써머 울 하프 니트_하찌 4 COLOR,49900,18900,62
2026-08-25T13:44:36+09:00,디미트리블랙,6278961,[10주년기획] © 모두의 COOLMAX® 원단 원턱 스웻 하프 팬츠_3 COLOR,41500,19900,52
2026-08-25T13:44:36+09:00,디미트리블랙,6278960,[10주년기획] © 모두의 린넨 100% 세미 크롭 셔츠_5 COLOR,56700,37900,33
2026-08-25T13:44:36+09:00,디미트리블랙,6278959,하와이안 크로쉐 니트_4 COLOR,48200,22400,54
2026-08-25T13:44:36+09:00,디미트리블랙,6238770,[10주년기획] ©  모두의 린넨 100% 커브드 팬츠_3 COLOR,59900,39900,33
2026-08-25T13:44:36+09:00,디미트리블랙,6238769,[10주년기획] ⓒ 모두의 수소봉제 반팔 티셔츠 (COOLMAX® 원단)_7 COLOR,46000,18900,59
2026-08-25T13:44:36+09:00,디미트리블랙,6238768,[10주년기획] © 모두의 써머 울 하프 니트_스트라이프 4 COLOR,49900,24900,50
2026-08-25T13:44:36+09:00,디미트리블랙,6238767,바이오워싱 카펜터 버뮤다 데님 팬츠_슬럽 인디고,54900,19900,64
2026-08-25T13:44:36+09:00,디미트리블랙,6238766,바이오워싱 카펜터 버뮤다 데님 팬츠_슬럽 블랙,54900,16900,69
2026-08-25T13:44:36+09:00,디미트리블랙,6238763,VLAD VTG 트랙 아트웍 반팔 티셔츠_피그먼트 차콜,44900,19900,56
2026-08-25T13:44:36+09:00,디미트리블랙,6238761,VLAD VTG 트랙 아트웍 반팔 티셔츠_피그먼트 네이비,44900,19900,56
2026-08-25T13:44:36+09:00,디미트리블랙,6197080,[10주년기획] ⓒ 모두의 수소봉제 반팔 티셔츠 (COOLMAX® 원단)_PK 8 COLOR,46000,19900,57
2026-08-25T13:44:36+09:00,디미트리블랙,6197079,VLAD 원턱 커브드 트랙 팬츠_립스탑 3 COLOR,49200,25900,47
2026-08-25T13:44:36+09:00,디미트리블랙,6197078,M65 파라슈트 버뮤다 커브드 데님 팬츠_2 COLOR,46000,16900,63
2026-08-25T13:44:36+09:00,디미트리블랙,6197077,VLAD 빈티지 ARCH 링거 티셔츠_2 COLOR,46000,22900,50
2026-08-25T13:44:36+09:00,디미트리블랙,6197076,VLAD 컷오프 아플리케 반팔 티셔츠_4 COLOR,46500,14900,68
2026-08-25T13:44:36+09:00,디미트리블랙,6197075,VLAD 턴오버 아트웍 로고 럭비 져지 반팔 티셔츠_3 COLOR,46000,12500,73
2026-08-25T13:44:36+09:00,디미트리블랙,6197074,SNATCHED 크롭 반팔 티셔츠_4 COLOR,46000,19900,57
2026-08-25T13:44:36+09:00,디미트리블랙,6197073,VLAD 나일론 코어 하프 티셔츠_3 COLOR,52000,33900,35
2026-08-25T13:44:36+09:00,디미트리블랙,6154432,[10주년기획] 에센셜 머슬핏 반팔 티셔츠_6 COLOR,41700,12900,69
2026-08-25T13:44:36+09:00,디미트리블랙,6154431,바이오워싱 카펜터 버뮤다 코튼 팬츠_블랙,54900,29900,46
2026-08-25T13:44:36+09:00,디미트리블랙,6154430,바이오워싱 카펜터 버뮤다 코튼 팬츠_베이지,54900,26900,51
2026-08-25T13:44:36+09:00,디미트리블랙,6154429,원턱 버뮤다 카고 스웻 팬츠_3 COLOR,45000,19900,56
2026-08-25T13:44:36+09:00,디미트리블랙,6154428,VLAD 빈티지 로즈 세미 크롭 티셔츠_피그먼트 차콜,45000,26900,40
2026-08-25T13:44:36+09:00,디미트리블랙,6154427,VLAD 빈티지 블랙 세미 크롭 티셔츠_피그먼트 차콜,45000,29900,34
2026-08-25T13:44:36+09:00,디미트리블랙,6154426,ASI 원턱 와이드 플리츠 팬츠_블랙,41900,24800,41
2026-08-25T13:44:36+09:00,디미트리블랙,6154425,페이드워싱 데님 트러커 하프 셔츠_더스트 인디고,50000,30900,38
2026-08-25T13:44:36+09:00,디미트리블랙,6154423,래글런 배색 피그먼트 아트웍 반팔 티셔츠_아이보리&카모,45700,16900,63
2026-08-25T13:44:36+09:00,디미트리블랙,6110854,[10주년기획] ©모두의 세미 크롭 체크 셔츠_6 COLOR,44900,29900,33
2026-08-25T13:44:36+09:00,디미트리블랙,6110853,[10주년기획] ©모두의 바이오워싱 데님 셔츠_4 COLOR,56500,36900,35
2026-08-25T13:44:36+09:00,디미트리블랙,6110852,[골지선택] NYC 머슬핏 반팔 티셔츠_6 COLOR,44900,13900,69
2026-08-25T13:44:36+09:00,디미트리블랙,6110851,[3 PACK] 에센셜 21s  코튼 튜블러 티셔츠 3 COLOR,44900,29900,33
2026-08-25T13:44:36+09:00,디미트리블랙,6110850,VLAD 24/7 Brooklyn 베이스볼 셔츠_차콜,49900,32900,34
2026-08-25T13:44:36+09:00,디미트리블랙,6110848,USA 아치 로고 세미 크롭 반팔 티셔츠_4 color,44900,16900,62
2026-08-25T13:44:36+09:00,디미트리블랙,6110847,다이애그널 로고 세미 크롭 반팔 티셔츠_4 color,44900,26900,40
2026-08-25T13:44:36+09:00,디미트리블랙,6110845,VLAD 커브드 밴딩 카고 팬츠_블랙,56500,33900,40
2026-08-25T13:44:36+09:00,디미트리블랙,6110844,VLAD 커브드 밴딩 카고 팬츠_브라운,56500,37900,33
2026-08-25T13:44:36+09:00,디미트리블랙,6110843,VLAD 커브드 밴딩 카고 팬츠_카키,56500,37900,33
2026-08-25T13:44:36+09:00,디미트리블랙,6110842,VLAD 워시드 아플리케 볼캡_네이비,43200,28900,33
2026-08-25T13:44:36+09:00,디미트리블랙,6110841,VLAD 워시드 아플리케 볼캡_차콜,43200,28900,33
2026-08-25T13:44:36+09:00,디미트리블랙,6110840,VLAD 컷오프 아플리케 반팔 티셔츠_빈티지 블루,46500,26900,42
2026-08-25T13:44:36+09:00,디미트리블랙,5982732,[10주년기획] ©모두의 에센셜 런드리 셔츠_5 COLOR,43400,29900,31
2026-08-25T13:44:36+09:00,디미트리블랙,5982731,[10주년기획] ©모두의 All-Sunday 원턱 데님 팬츠_4 COLOR,50000,29900,40
2026-08-25T13:44:36+09:00,디미트리블랙,5982730,2WAY 에센셜 체크 후드 윈드브레이커_3 COLOR,76700,49900,35
2026-08-25T13:44:36+09:00,디미트리블랙,5982728,바라클라바 슬래쉬 후드 집업_윈드브레이커 블랙,76700,49900,35
2026-08-25T13:44:36+09:00,디미트리블랙,5982727,바라클라바 슬래쉬 후드 집업_윈드브레이커 크림,76700,49900,35
2026-08-25T13:44:36+09:00,디미트리블랙,5982726,바라클라바 슬래쉬 후드 집업_윈드브레이커 그레이,76700,45900,40
2026-08-25T13:44:36+09:00,디미트리블랙,5982725,에센셜 체크 후드 아노락_2 COLOR,71700,43900,39
2026-08-25T13:44:36+09:00,디미트리블랙,5982724,VLAD 커브드 트랙 나일론 카고 팬츠_블랙,50000,33900,32
2026-08-25T13:44:36+09:00,디미트리블랙,5982723,VLAD 커브드 트랙 나일론 카고 팬츠_빈티지 네이비,50000,30900,38
2026-08-25T13:44:36+09:00,디미트리블랙,5982722,M65 파라슈트 커브드 팬츠_ NC 블랙,56700,25900,54
2026-08-25T13:44:36+09:00,디미트리블랙,5982721,M65 파라슈트 커브드 팬츠_ NC 올리브,56700,25900,54
2026-08-25T13:44:36+09:00,디미트리블랙,5982720,2WAY 에센셜 도트 후드 윈드브레이커_블랙,76700,45900,40
2026-08-25T13:44:36+09:00,디미트리블랙,5982719,2WAY 에센셜 도트 후드 윈드브레이커_브라운,76700,49900,35
2026-08-25T13:44:36+09:00,디미트리블랙,5945211,2WAY 에센셜 크롭 해링턴 자켓_4 COLOR,66700,49900,25
2026-08-25T13:44:36+09:00,디미트리블랙,5945210,[10주년기획] © 모두의 밴딩 커브드 슬랙스_3 COLOR,50000,32900,34
2026-08-25T13:44:36+09:00,디미트리블랙,5945209,에센셜 RIBBED 롱슬리브 티셔츠_3 COLOR,49900,26900,46
2026-08-25T13:44:36+09:00,디미트리블랙,5945208,VLAD SNATCHED 패치 크롭 후드 집업_피그먼트 차콜,66700,42900,36
2026-08-25T13:44:36+09:00,디미트리블랙,5945207,VLAD SNATCHED 패치 크롭 후드 집업_멜란지,66700,43900,34
2026-08-25T13:44:36+09:00,디미트리블랙,5945206,VLAD SNATCHED 패치 크롭 후드 집업_피그먼트 네이비,66700,46900,30
2026-08-25T13:44:36+09:00,디미트리블랙,5945205,바라클라바 슬래쉬 후드 집업_데님 더스트 인디고,76700,49900,35
2026-08-25T13:44:36+09:00,디미트리블랙,5945204,바라클라바 슬래쉬 후드 집업_데님 빈티지 블랙,76700,49900,35
2026-08-25T13:44:36+09:00,디미트리블랙,5945203,래글런 스트라이프 맨투맨_3COLOR,60000,35900,40
2026-08-25T13:44:36+09:00,디미트리블랙,5945202,M65 파라슈트 커브드 팬츠_스웻 피그먼트 차콜,56700,39900,30
2026-08-25T13:44:36+09:00,디미트리블랙,5945201,M65 파라슈트 커브드 팬츠_스웻 멜란지,56700,30900,46
2026-08-25T13:44:36+09:00,디미트리블랙,5945200,M65 파라슈트 커브드 팬츠_스웻 블랙,56700,33900,40
2026-08-25T13:44:36+09:00,디미트리블랙,5945199,VTG 워싱 바라클라바 후드 티셔츠_피그먼트 차콜,61700,35900,42
2026-08-25T13:44:36+09:00,디미트리블랙,5945198,VTG 워싱 바라클라바 후드 티셔츠_멜란지,61700,36900,40
2026-08-25T13:44:36+09:00,디미트리블랙,5899308,[10주년기획] © 모두의 카우하이드 워싱 더비 슈즈,149900,99900,33
2026-08-25T13:44:36+09:00,디미트리블랙,5899307,7s Twill 데일리 커브드 퍼티그 팬츠_4 COLOR,50000,34900,30
2026-08-25T13:44:36+09:00,디미트리블랙,5899306,바라클라바 슬래쉬 후드 집업_스웻 피그먼트 차콜,76700,46900,39
2026-08-25T13:44:36+09:00,디미트리블랙,5899304,바라클라바 슬래쉬 후드 집업_스웻 브라운,76700,42900,44
2026-08-25T13:44:36+09:00,디미트리블랙,5899303,바라클라바 슬래쉬 후드 집업_스웻 멜란지,76700,38900,49
2026-08-25T13:44:36+09:00,디미트리블랙,5899301,ASI 포시즌 에센셜 후드 집업_크롭 피그먼트 차콜,61700,41900,32
2026-08-25T13:44:36+09:00,디미트리블랙,5899300,2WAY OG 에센셜 디트로이트 후드 집업_데님 빈티지 블랙,73300,47900,35
2026-08-25T13:44:36+09:00,디미트리블랙,5899299,VLAD 체크 아플리케 후드 티셔츠_블랙,65000,35900,45
2026-08-25T13:44:36+09:00,디미트리블랙,5899297,VLAD 체크 아플리케 후드 티셔츠_피그먼트 차콜,65000,42900,34
2026-08-25T13:44:36+09:00,디미트리블랙,5899296,VLAD 체크 아플리케 후드 티셔츠_멜란지,65000,39900,39
2026-08-25T13:44:36+09:00,디미트리블랙,5899295,에센셜 스퀘어 웨스턴 벨트_블랙,33300,24900,25
2026-08-25T13:44:36+09:00,디미트리블랙,5899294,VLAD 원턱 커브드 컷오프 스웻 팬츠_피그먼트 차콜,50000,33900,32
2026-08-25T13:44:36+09:00,디미트리블랙,5899292,VLAD 원턱 커브드 컷오프 스웻 팬츠_멜란지,50000,29500,41
2026-08-25T13:44:36+09:00,디미트리블랙,5899291,VLAD 턴오버 아트웍 로고 럭비 후드 티셔츠_피그먼트 차콜,65000,42900,34
2026-08-25T13:44:36+09:00,디미트리블랙,5899290,VLAD 턴오버 아트웍 로고 럭비 후드 티셔츠_멜란지,65000,42900,34
2026-08-25T13:44:36+09:00,디미트리블랙,5899289,VLAD 턴오버 아트웍 로고 럭비 후드 티셔츠_네이비,65000,38900,40
2026-08-25T13:44:36+09:00,디미트리블랙,5899073,프렌치 워크 자켓_데님 더스트 인디고,73300,49900,32
2026-08-25T13:44:36+09:00,디미트리블랙,5899059,프렌치 워크 자켓_데님 빈티지 블랙,73300,49900,32
2026-08-25T13:44:36+09:00,디미트리블랙,5899050,포시즌 에센셜 헨리넥 롱슬리브 티셔츠_피그먼트 차콜,50000,30900,38
2026-08-25T13:44:36+09:00,디미트리블랙,5899044,포시즌 에센셜 헨리넥 롱슬리브 티셔츠_멜란지,50000,29900,40
2026-08-25T13:44:36+09:00,디미트리블랙,5899030,포시즌 에센셜 헨리넥 롱슬리브 티셔츠_오트밀,50000,29900,40
2026-08-25T13:44:36+09:00,디미트리블랙,5864295,[크롭선택] ASI 포시즌 에센셜 스웻 후드 티셔츠_3 COLOR,44500,38900,13
2026-08-25T13:44:36+09:00,디미트리블랙,5864299,[10주년기획] © 모두의 셀비지 데님 팬츠_4 COLOR,66700,43900,34
2026-08-25T13:44:36+09:00,디미트리블랙,5864298,[10주년기획] © 모두의 셀비지 데님 자켓_2 COLOR,100000,59900,40
2026-08-25T13:44:36+09:00,디미트리블랙,5864297,[10주년기획] ©모두의 커브드 치노 팬츠_6 COLOR,50000,29900,40
2026-08-25T13:44:36+09:00,디미트리블랙,5864294,[핏 선택] 포시즌 에센셜 원턱 커브드 스웻 팬츠_2COLOR,45000,26900,40
2026-08-25T13:44:36+09:00,디미트리블랙,5864293,데일리 워셔블 피그먼트 헨리넥 라운드 니트_차콜,43700,31900,27
2026-08-25T13:44:36+09:00,디미트리블랙,5864292,데일리 워셔블 피그먼트 헨리넥 라운드 니트_브라운,43700,34900,20
2026-08-25T13:44:36+09:00,디미트리블랙,5864290,ASI 포시즌 에센셜 후드 집업_데님 더스트 인디고,51000,43900,14
2026-08-25T13:44:36+09:00,디미트리블랙,5864289,ASI 포시즌 에센셜 후드 집업_데님 빈티지 블랙,65900,43900,33
2026-08-25T13:44:36+09:00,디미트리블랙,5864287,FAUX 레더 워시드 데일리 자켓_브라운,71200,52900,26
2026-08-25T13:44:36+09:00,디미트리블랙,5864286,VLAD 원턱 커브드 트랙 스웻 팬츠_멜란지,49200,29900,39
2026-08-25T13:44:36+09:00,디미트리블랙,5864285,VLAD 원턱 커브드 트랙 스웻 팬츠_브라운,49200,33900,31
2026-08-25T13:44:36+09:00,디미트리블랙,5864284,포시즌 에센셜 스웻 맨투맨 티셔츠_크롭 피그먼트 차콜,46200,33900,27
2026-08-25T13:44:36+09:00,디미트리블랙,5864283,포시즌 에센셜 스웻 맨투맨 티셔츠_크롭 멜란지,46200,33900,27
2026-08-25T13:44:36+09:00,디미트리블랙,5864282,ASI 포시즌 에센셜 후드 집업_크롭 피그먼트 레드,51000,39900,22
2026-08-25T13:44:36+09:00,디미트리블랙,5864281,ASI 포시즌 에센셜 후드 집업_크롭 피그먼트 그린,51000,36900,28
2026-08-25T13:44:36+09:00,디미트리블랙,5636391,2WAY 디트로이트 패딩 자켓_데님 더스트 인디고,77700,53900,31
2026-08-25T13:44:36+09:00,디미트리블랙,5538666,ASI 2WAY 헤비웨이트 푸퍼 패딩 자켓_블랙,52200,42900,18
2026-08-25T13:44:36+09:00,디미트리블랙,5478154,ASI 미니멀 패딩 크롭 자켓_블랙,66600,49900,25
2026-08-25T13:44:36+09:00,디미트리블랙,5478151,피그먼트 트랙 니트 후드 집업_피그먼트 차콜,66700,49900,25
2026-08-25T13:44:36+09:00,디미트리블랙,5478147,2WAY 디트로이트 패딩 자켓_블랙,77700,55900,28
2026-08-25T13:44:36+09:00,디미트리블랙,5478143,2WAY 에센셜 헤비웨이트 노르딕 가디건_후드 차콜,69900,49900,29
2026-08-25T13:44:36+09:00,디미트리블랙,5478142,2WAY 에센셜 헤비웨이트 노르딕 가디건_후드 베이지,69900,45900,34
2026-08-25T13:44:36+09:00,디미트리블랙,5478140,VLAD 피그먼트 래글런 하찌 라운드 니트_피그먼트 차콜,44400,36900,17
2026-08-25T13:44:36+09:00,디미트리블랙,5478129,에센셜 헤어리 라운드 니트_웨이브 그린,55000,29900,46
2026-08-25T13:44:36+09:00,디미트리블랙,5478128,에센셜 헤어리 라운드 니트_웨이브 네이비,55000,29900,46
2026-08-25T13:44:36+09:00,디미트리블랙,5478111,VLAD 아플리케 로고 니트 후드 티셔츠_오트밀,51000,42900,16
2026-08-25T13:44:36+09:00,디미트리블랙,5478110,VLAD 아플리케 로고 니트 후드 티셔츠_네이비,51000,45900,10
2026-08-25T13:44:36+09:00,디미트리블랙,5477159,바라클라바 슬래쉬 후드 집업_쉐르파 플리스 차콜,76700,42900,44
2026-08-25T13:44:36+09:00,디미트리블랙,5477157,바라클라바 슬래쉬 후드 집업_쉐르파 플리스 베이지,76700,42900,44
2026-08-25T13:44:36+09:00,디미트리블랙,5477154,헤어리 모헤어 카디건_그레이 블루,44400,39900,10
2026-08-25T13:44:36+09:00,디미트리블랙,5477152,All-Sunday 원턱 와이드 데님 팬츠_코듀로이 더스트 인디고,37700,31900,15
2026-08-25T13:44:36+09:00,디미트리블랙,5477149,All-Sunday 원턱 와이드 데님 팬츠_코듀로이 인디고 옐로우,37700,33900,10
2026-08-25T13:44:36+09:00,디미트리블랙,5477146,ASI OG 에센셜 트러커 자켓_코듀로이 에크루,63500,49900,21
2026-08-25T13:44:36+09:00,디미트리블랙,5477145,에센셜 페이드 워싱 커브드 팬츠_코듀로이 블랙,37700,33900,10
2026-08-25T13:44:36+09:00,디미트리블랙,5477144,에센셜 페이드 워싱 커브드 팬츠_코듀로이 에크루,37700,33900,10
2026-08-25T13:44:36+09:00,디미트리블랙,5477143,에센셜 페이드 워싱 커브드 팬츠_코듀로이 브라운,37700,31900,15
2026-08-25T13:44:36+09:00,디미트리블랙,5477142,컴포트 하프 모크넥 니트 티셔츠_블랙,28800,23900,17
2026-08-25T13:44:36+09:00,디미트리블랙,5477141,컴포트 하프 모크넥 니트 티셔츠_화이트,28800,25900,10
2026-08-25T13:44:36+09:00,디미트리블랙,5477139,컴포트 하프 모크넥 니트 티셔츠_차콜,28800,25900,10
2026-08-25T13:44:36+09:00,디미트리블랙,5477138,VLAD 심볼 로고 투톤 니트 비니_블랙,27700,24900,10
2026-08-25T13:44:36+09:00,디미트리블랙,5401056,[리뉴얼] 라이트 쉘 경량 PCK 다운 자켓_스카이 블루,121000,69200,43
2026-08-25T13:44:36+09:00,디미트리블랙,5401055,[리뉴얼] 라이트 쉘 경량 PCK 다운 자켓_블랙,121000,89900,26
2026-08-25T13:44:36+09:00,디미트리블랙,5401053,[리뉴얼] 라이트 쉘 경량 PCK 다운 자켓_카키,121000,69200,43
2026-08-25T13:44:36+09:00,디미트리블랙,5401052,[리뉴얼] 라이트 쉘 경량 PCK 다운 자켓_오트밀,121000,89900,26
2026-08-25T13:44:36+09:00,디미트리블랙,5401050,VLAD 라이트 쉘 경량 다운 자켓_헤링본 웰딩 스카이 블루,121000,65900,46
2026-08-25T13:44:36+09:00,디미트리블랙,5401048,VLAD 라이트 쉘 경량 다운 자켓_헤링본 웰딩 오렌지,121000,65900,46
2026-08-25T13:44:36+09:00,디미트리블랙,5401046,[크롭선택] ASI 포시즌 에센셜 스웻 후드 티셔츠_블랙,44500,35900,19
2026-08-25T13:44:36+09:00,디미트리블랙,5401045,[크롭선택] ASI 포시즌 에센셜 스웻 후드 티셔츠_멜란지,44500,32900,26
2026-08-25T13:44:36+09:00,디미트리블랙,5367982,2WAY FAUX 스웨이드 후드 집업_블랙,59900,49900,17
2026-08-25T13:44:36+09:00,디미트리블랙,5367981,2WAY FAUX 스웨이드 후드 집업_브라운,59900,53900,10
2026-08-25T13:44:36+09:00,디미트리블랙,5367980,2WAY FAUX 스웨이드 후드 집업_올리브,59900,53900,10
2026-08-25T13:44:36+09:00,디미트리블랙,5367979,에센셜 페이드 워싱 커브드 팬츠_데님 더스트 인디고,37700,31900,15
2026-08-25T13:44:36+09:00,디미트리블랙,5367978,에센셜 페이드 워싱 커브드 팬츠_데님 빈티지 블랙,37700,33900,10
2026-08-25T13:44:36+09:00,디미트리블랙,5367977,VLAD 리버시블 로고 후드 집업_블랙,51000,42900,16
2026-08-25T13:44:36+09:00,디미트리블랙,5367976,VLAD 리버시블 로고 후드 집업_멜란지,51000,45900,10
2026-08-25T13:44:36+09:00,디미트리블랙,5367973,2WAY VTG 워시드 PU 후드 집업_블랙,61000,54900,10
2026-08-25T13:44:36+09:00,디미트리블랙,5367972,2WAY VTG 워시드 PU 후드 집업_브라운,61000,54900,10
2026-08-25T13:44:36+09:00,디미트리블랙,5367971,PU 미니멀 레더 자켓_블랙,52200,43900,16
2026-08-25T13:44:36+09:00,디미트리블랙,5367970,PU 미니멀 레더 자켓_브라운,52200,46900,10
2026-08-25T13:44:36+09:00,디미트리블랙,5367969,FAUX 스웨이드 블레이저 자켓_모카,58800,48900,17
2026-08-25T13:44:36+09:00,디미트리블랙,5367968,FAUX 스웨이드 블레이저 자켓_카멜,58800,52900,10
2026-08-25T13:44:36+09:00,디미트리블랙,5367967,ASI OG 에센셜 트러커 자켓_데님 인디고 옐로우,63500,39900,37
2026-08-25T13:44:36+09:00,디미트리블랙,5367966,ASI OG 에센셜 트러커 자켓_데님 더스트 블랙,63500,43900,31
2026-08-25T13:44:36+09:00,디미트리블랙,5367965,프렌치 워크 자켓_PU 워시드 블랙,110000,47900,56
2026-08-25T13:44:36+09:00,디미트리블랙,5367962,VLAD 원턱 커브드 트랙 스웻 팬츠_네이비,49200,33900,31
2026-08-25T13:44:36+09:00,디미트리블랙,5367961,VLAD 원턱 커브드 트랙 스웻 팬츠_피그먼트 차콜,49200,29900,39
2026-08-25T13:44:36+09:00,디미트리블랙,5367958,ASI 올시즌 에센셜 원턱 스웻 팬츠_멜란지,32200,28900,10
2026-08-25T13:44:36+09:00,디미트리블랙,5367957,2WAY OG 에센셜 디트로이트 후드 집업_코튼 카키,53300,44900,16
2026-08-25T13:44:36+09:00,디미트리블랙,5367955,원턱 에센셜 PARACHUTE 팬츠_더스트 인디고,41000,35900,12
2026-08-25T13:44:36+09:00,디미트리블랙,5367953,원턱 에센셜 PARACHUTE 팬츠_더스트 블랙,41000,32900,20
2026-08-25T13:44:36+09:00,디미트리블랙,5341446,원턱 커브드 크리즈 워싱 와이드 데님 팬츠_더스트 인디고,50000,33900,32
2026-08-25T13:44:36+09:00,디미트리블랙,5341445,원턱 커브드 크리즈 워싱 와이드 데님 팬츠_그레이,37700,33900,10
2026-08-25T13:44:36+09:00,디미트리블랙,5341442,VLAD 2WAY 미니멀 LOGO 후드 윈드브레이커_스카이,55500,49900,10
2026-08-25T13:44:36+09:00,디미트리블랙,5341441,VLAD 2WAY 미니멀 LOGO 후드 윈드브레이커_애쉬그레이,55500,46900,15
2026-08-25T13:44:36+09:00,디미트리블랙,5341438,ASI 에센셜 원턱 커브드 벌룬 스웻 팬츠_멜란지,33300,29900,10
2026-08-25T13:44:36+09:00,디미트리블랙,5341435,VLAD 스몰 로고 페이드 워싱 후드 티셔츠_피그먼트 차콜,43300,35900,17
2026-08-25T13:44:36+09:00,디미트리블랙,5341433,VLAD 스몰 로고 페이드 워싱 후드 티셔츠_피그먼트 네이비,43300,38900,10
2026-08-25T13:44:36+09:00,디미트리블랙,5341432,VLAD 스몰 로고 페이드 워싱 후드 티셔츠_더스티 핑크,43300,38900,10
2026-08-25T13:44:36+09:00,디미트리블랙,5341429,와플 헨리넥 후드 티셔츠_피그먼트 차콜,47700,39900,16
2026-08-25T13:44:36+09:00,디미트리블랙,5341428,와플 헨리넥 후드 티셔츠_블랙,47700,42900,10
2026-08-25T13:44:36+09:00,디미트리블랙,5341427,와플 헨리넥 후드 티셔츠_네추럴,47700,42900,10
2026-08-25T13:44:36+09:00,디미트리블랙,5341426,와플 헨리넥 후드 티셔츠_멜란지,47700,42900,10
2026-08-25T13:44:36+09:00,디미트리블랙,5341425,어드저스트 투턱 와이드 슬랙스_코튼 치노 베이지,42200,35900,15
2026-08-25T13:44:36+09:00,디미트리블랙,5341422,VLAD 헤리티지 리버스위브 맨투맨 티셔츠_멜란지,44400,39900,10
2026-08-25T13:44:36+09:00,디미트리블랙,5341421,VLAD 헤리티지 리버스위브 맨투맨 티셔츠_블랙,44400,39900,10
2026-08-25T13:44:36+09:00,디미트리블랙,5341419,ASI 포시즌 에센셜 수트 셋업_차콜,129000,99000,23
2026-08-25T13:44:36+09:00,디미트리블랙,5341418,ASI 포시즌 에센셜 수트 셋업_블랙,129000,99000,23
2026-08-25T13:44:36+09:00,디미트리블랙,5341417,ASI 포시즌 에센셜 수트 셋업_네이비,129000,91900,29
2026-08-25T13:44:36+09:00,디미트리블랙,5341416,VLAD 심볼 로고 자카드 비니_베이지,27700,24900,10
2026-08-25T13:44:36+09:00,디미트리블랙,5341415,VLAD 피그먼트 슬래쉬 후드 티셔츠_차콜,44400,36900,17
2026-08-25T13:44:36+09:00,디미트리블랙,5341414,VLAD 피그먼트 슬래쉬 후드 티셔츠_네이비,44400,39900,10
2026-08-25T13:44:36+09:00,디미트리블랙,5341413,VLAD 피그먼트 슬래쉬 후드 티셔츠_라이트 그레이,44400,39900,10
2026-08-25T13:44:36+09:00,디미트리블랙,5310984,어드저스트 투턱 와이드 슬랙스_스트라이프 차콜,50000,34900,30
2026-08-25T13:44:36+09:00,디미트리블랙,5310983,어드저스트 투턱 와이드 슬랙스_블랙,42200,37900,10
2026-08-25T13:44:36+09:00,디미트리블랙,5310982,VLAD 2WAY 로고 트랙 후드 집업_피그먼트 차콜,48800,43900,10
2026-08-25T13:44:36+09:00,디미트리블랙,5310981,VLAD 2WAY 로고 트랙 후드 집업_피그먼트 네이비,48800,40900,16
2026-08-25T13:44:36+09:00,디미트리블랙,5310980,VLAD 2WAY 로고 트랙 후드 집업_멜란지,48800,43900,10
2026-08-25T13:44:36+09:00,디미트리블랙,5310979,ASI 에센셜 커브드 벌룬 데님 팬츠_더스트 인디고,44300,30900,30
2026-08-25T13:44:36+09:00,디미트리블랙,5310977,ASI 에센셜 커브드 벌룬 데님 팬츠_옐로우 워싱,44300,33900,23
2026-08-25T13:44:36+09:00,디미트리블랙,5310976,VLAD 핸드 브러쉬 아플리케 후드 티셔츠_피그먼트 차콜,47700,39900,16
2026-08-25T13:44:36+09:00,디미트리블랙,5310975,VLAD 핸드 브러쉬 아플리케 후드 티셔츠_피그먼트 네이비,47700,42900,10
2026-08-25T13:44:36+09:00,디미트리블랙,5310974,VLAD 핸드 브러쉬 아플리케 후드 티셔츠_피그먼트 올리브,47700,42900,10
2026-08-25T13:44:36+09:00,디미트리블랙,5310972,VLAD VTG 테이핑 타입 아트웍 후드 티셔츠_피그먼트 네이비,44400,39900,10
2026-08-25T13:44:36+09:00,디미트리블랙,5310971,VLAD VTG 테이핑 타입 아트웍 후드 티셔츠_멜란지,44400,39900,10
2026-08-25T13:44:36+09:00,디미트리블랙,5310963,래글런 배색 피그먼트 아트웍 후드 티셔츠_크림&블랙,44400,39900,10
2026-08-25T13:44:36+09:00,디미트리블랙,5310962,래글런 배색 피그먼트 아트웍 후드 티셔츠_차콜,44400,36900,17
2026-08-25T13:44:36+09:00,디미트리블랙,5310961,래글런 배색 피그먼트 아트웍 후드 티셔츠_내추럴,44400,39900,10
2026-08-25T13:44:36+09:00,디미트리블랙,5310959,NYC 후드 티셔츠_멜란지,52900,39900,25
2026-08-25T13:44:36+09:00,디미트리블랙,5310958,NYC 후드 티셔츠_피그먼트 차콜,52900,39900,25
2026-08-25T13:44:36+09:00,디미트리블랙,5294651,ASI 포시즌 에센셜 후드 집업_더스티 핑크,51000,36900,28
2026-08-25T13:44:36+09:00,디미트리블랙,5294650,VLAD 스트라이프 로고 후드 집업_카키&오트밀,49900,38900,22
2026-08-25T13:44:36+09:00,디미트리블랙,5294649,VLAD 컷오프 아플리케 후드 티셔츠_카모&피그먼트 차콜,49900,39900,20
2026-08-25T13:44:36+09:00,디미트리블랙,5294646,래글런 배색 피그먼트 아트웍 티셔츠_크림&블랙,45900,29900,35
2026-08-25T13:44:36+09:00,디미트리블랙,5294644,래글런 배색 피그먼트 아트웍 티셔츠_차콜,45900,32900,28
2026-08-25T13:44:36+09:00,디미트리블랙,5294643,래글런 배색 피그먼트 아트웍 티셔츠_화이트,45900,32900,28
2026-08-25T13:44:36+09:00,디미트리블랙,5294638,ASI 링클 체크 웨스턴 셔츠_차콜 그레이,38800,31900,18
2026-08-25T13:44:36+09:00,디미트리블랙,5294637,ASI 링클 체크 웨스턴 셔츠_그린,38800,34900,10
2026-08-25T13:44:36+09:00,디미트리블랙,5294635,에센셜 All-Sunday 포켓 셔츠_체크 레드,37700,33900,10
2026-08-25T13:44:36+09:00,디미트리블랙,5294634,에센셜 All-Sunday 포켓 셔츠_체크 빈티지 네이비,37700,31900,15
2026-08-25T13:44:36+09:00,디미트리블랙,5294633,ASI 포시즌 에센셜 스웻 후드 티셔츠_피그먼트 내추럴,44500,38900,13
2026-08-25T13:44:36+09:00,디미트리블랙,5294629,VLAD 스몰 로고 티셔츠_피그먼트 차콜,37700,31900,15
2026-08-25T13:44:36+09:00,디미트리블랙,5294628,VLAD 스몰 로고 티셔츠_블랙,37700,33900,10
2026-08-25T13:44:36+09:00,디미트리블랙,5294627,VLAD 스몰 로고 티셔츠_화이트,37700,33900,10
2026-08-25T13:44:36+09:00,디미트리블랙,5294626,에센셜 All-Sunday 포켓 셔츠_체크 다크 레드,37700,29900,21
2026-08-25T13:44:36+09:00,디미트리블랙,5294625,에센셜 All-Sunday 포켓 셔츠_체크 네이비,37700,29900,21
2026-08-25T13:44:36+09:00,디미트리블랙,5294624,에센셜 All-Sunday 포켓 셔츠_체크 차콜 그레이,37700,27900,26
2026-08-25T13:44:36+09:00,디미트리블랙,5294623,에센셜 All-Sunday 포켓 셔츠_런드리 아이보리,37700,29900,21
2026-08-25T13:44:36+09:00,디미트리블랙,5294622,에센셜 All-Sunday 포켓 셔츠_런드리 블루,37700,29900,21
2026-08-25T13:44:36+09:00,디미트리블랙,5071836,VLAD 2WAY 투톤 반팔 집업 니트_차콜,38700,34800,10
2026-08-25T13:44:36+09:00,디미트리블랙,5071831,페어아일 코위찬 반팔 후드 니트_차콜,44400,39900,10
2026-08-25T13:44:36+09:00,디미트리블랙,5071829,페어아일 코위찬 반팔 후드 니트_네이비,44400,39900,10
2026-08-25T13:44:36+09:00,디미트리블랙,5071827,페어아일 코위찬 반팔 후드 니트_오트밀,44400,36900,17
2026-08-25T13:44:36+09:00,디미트리블랙,5071812,VLAD 슬래쉬 코튼 반팔 셔츠_차콜,38800,34900,10
2026-08-25T13:44:36+09:00,디미트리블랙,5071802,페이드 워싱 코튼 반팔 셔츠_차콜,37700,33900,10
2026-08-25T13:44:36+09:00,디미트리블랙,5071794,페이드 워싱 코튼 반팔 셔츠_베이지,37700,33900,10
2026-08-25T13:44:36+09:00,디미트리블랙,5071787,VLAD 더블레이어 슬래쉬 하프 팬츠_크림,33300,13900,58
2026-08-25T13:44:36+09:00,디미트리블랙,5063775,VLAD 컷오프 아플리케 데님 반팔 티셔츠_더스트 블랙,42200,37900,10
2026-08-25T13:44:36+09:00,디미트리블랙,5063759,VLAD 컷오프 아플리케 버뮤다 스웻 팬츠_피그먼트 차콜,38800,34900,10
2026-08-25T13:44:36+09:00,디미트리블랙,5063755,VLAD 컷오프 아플리케 버뮤다 스웻 팬츠_피그먼트 핑크,38800,15900,59
2026-08-25T13:44:36+09:00,디미트리블랙,5063752,VLAD 컷오프 아플리케 버뮤다 스웻 팬츠_피그먼트 네이비,38800,34900,10
2026-08-25T13:44:36+09:00,디미트리블랙,5063749,VLAD 스몰 로고 아트웍 풀오버 반팔 티셔츠_네이비,43300,17900,59
2026-08-25T13:44:36+09:00,디미트리블랙,5063746,VLAD 스몰 로고 아트웍 풀오버 반팔 티셔츠_블랙,43300,38900,10
2026-08-25T13:44:36+09:00,디미트리블랙,5063740,VLAD 빈티지 다잉 케이블 반팔 니트_블랙,41000,36900,10
2026-08-25T13:44:36+09:00,디미트리블랙,5063737,VLAD 빈티지 다잉 케이블 반팔 니트_네이비,41000,16900,59
2026-08-25T13:44:36+09:00,디미트리블랙,5038648,VLAD 컷오프 아플리케 페이드 워싱 반팔 셔츠_베이지,41000,16900,59
2026-08-25T13:44:36+09:00,디미트리블랙,5038647,VLAD 컷오프 아플리케 페이드 워싱 반팔 셔츠_라이트 그레이,41000,36900,10
2026-08-25T13:44:36+09:00,디미트리블랙,5038643,VLAD 컷오프 아플리케 페이드 워싱 반팔 셔츠_올리브,41000,36900,10
2026-08-25T13:44:36+09:00,디미트리블랙,5038639,더블니 데님 반팔 셔츠_더스트 인디고,41000,16900,59
2026-08-25T13:44:36+09:00,디미트리블랙,5038635,더블니 패치 반팔 워크 셔츠_차콜,37700,33900,10
2026-08-25T13:44:36+09:00,디미트리블랙,5038631,ASI 에센셜 바이오워싱 코튼 반팔 셔츠_차콜,36600,32900,10
2026-08-25T13:44:36+09:00,디미트리블랙,5038629,ASI 에센셜 바이오워싱 코튼 반팔 셔츠_베이지,36600,32900,10
2026-08-25T13:44:36+09:00,디미트리블랙,5038627,ASI 에센셜 바이오워싱 코튼 반팔 셔츠_올리브,36600,30900,16
2026-08-25T13:44:36+09:00,디미트리블랙,5038626,VLAD 슬래쉬 버뮤다 데님 팬츠_더스트 인디고,36600,32900,10
2026-08-25T13:44:36+09:00,디미트리블랙,5012749,바이오워싱 카펜터 버뮤다 데님 팬츠_더스트 인디고,54900,19900,64
2026-08-25T13:44:36+09:00,디미트리블랙,5012379,VLAD 스몰 로고 페이드 워싱 반팔 티셔츠_피그먼트 네이비,39900,32900,18
2026-08-25T13:44:36+09:00,디미트리블랙,5012377,VLAD 블랜드 스트라이프 링거 반팔 티셔츠_옐로우&그린,33300,27900,16
2026-08-25T13:44:36+09:00,디미트리블랙,5012376,VLAD 블랜드 스트라이프 링거 반팔 티셔츠_화이트&그레이,33300,29900,10
2026-08-25T13:44:36+09:00,디미트리블랙,5012375,VLAD 블랜드 스트라이프 링거 반팔 티셔츠_그레이&차콜,33300,29900,10
2026-08-25T13:44:36+09:00,디미트리블랙,4950400,ASI 에센셜 와플 헨리넥 반팔 티셔츠_블랙,33300,27900,16
2026-08-25T13:44:36+09:00,디미트리블랙,4950396,VLAD 페이드 워싱 버뮤다 스웻 팬츠_올리브,32600,29300,10
2026-08-25T13:44:36+09:00,디미트리블랙,4950391,VLAD 컷오프 아플리케 반팔 티셔츠_피그먼트 차콜,46500,29900,36
2026-08-25T13:44:36+09:00,디미트리블랙,4950388,VLAD TYPE-A 트랙 아트웍 반팔 티셔츠_피그먼트 차콜,48500,26900,45
2026-08-25T13:44:36+09:00,디미트리블랙,4929281,바이오 에센셜 데님 반팔 셔츠_더스트 인디고,44900,31900,29
2026-08-25T13:44:36+09:00,디미트리블랙,4928811,바이오워싱 카펜터 버뮤다 데님 팬츠_카모플라쥬,54900,19900,64
2026-08-25T13:44:36+09:00,디미트리블랙,4928810,바이오워싱 카펜터 버뮤다 데님 팬츠_더티 인디고,54900,19900,64
2026-08-25T13:44:36+09:00,디미트리블랙,4928808,래글런 배색 피그먼트 아트웍 반팔 티셔츠_차콜,34400,19900,42
2026-08-25T13:44:36+09:00,디미트리블랙,4928807,래글런 배색 피그먼트 아트웍 반팔 티셔츠_크림&블랙,45700,19900,56
2026-08-25T13:44:36+09:00,디미트리블랙,4928806,래글런 배색 피그먼트 아트웍 반팔 티셔츠_화이트,34400,19900,42
2026-08-25T13:44:36+09:00,디미트리블랙,4872074,VLAD 페이드 워싱 세미와이드 디스진_더스트 인디고,37000,30900,16
2026-08-25T13:44:36+09:00,디미트리블랙,4872081,바이오 웨스턴 코튼 셔츠_차콜,37000,30900,16
2026-08-25T13:44:36+09:00,디미트리블랙,4872080,바이오 웨스턴 코튼 셔츠_올리브,37000,33300,10
2026-08-25T13:44:36+09:00,디미트리블랙,4872078,ASI 에센셜 바이오워싱 코튼 셔츠_브라운,37000,33300,10
2026-08-25T13:44:36+09:00,디미트리블랙,4872076,VTG 컷오프 체크 셔츠_화이트&블랙,37000,33300,10
2026-08-25T13:44:36+09:00,디미트리블랙,4872075,VTG 컷오프 체크 셔츠_레드&블랙,37000,33300,10
2026-08-25T13:44:36+09:00,디미트리블랙,4872085,컷오프 데님 워크 셔츠_더스트 인디고,41900,33700,20
2026-08-25T13:44:36+09:00,디미트리블랙,4872084,컷오프 데님 워크 셔츠_더스트 블랙,41900,33700,20
2026-08-25T13:44:36+09:00,디미트리블랙,4861752,VLAD 바이어스 체크 후드 셔츠_레드,43300,35900,17
2026-08-25T13:44:36+09:00,디미트리블랙,4861745,VLAD 아트웍 나일론 배색 후드 티셔츠_멜란지,44400,39900,10
2026-08-25T13:44:36+09:00,디미트리블랙,4844519,VLAD 배색 스몰 로고 나일론 맨투맨_블랙,38800,31900,18
2026-08-25T13:44:36+09:00,디미트리블랙,4844514,더블니 타탄 체크 후드 셔츠_블랙,42200,34900,17
2026-08-25T13:44:36+09:00,디미트리블랙,4844513,더블니 타탄 체크 후드 셔츠_레드,42200,37900,10
2026-08-25T13:44:36+09:00,디미트리블랙,4844512,더블니 타탄 체크 후드 셔츠_네이비,42200,37900,10
2026-08-25T13:44:36+09:00,디미트리블랙,4796674,VLAD 컷오프 아플리케 스웻 팬츠_피그먼트 네이비,37700,31900,15
2026-08-25T13:44:36+09:00,디미트리블랙,4796658,2WAY 나일론 디트로이트 윈드 자켓_베이지,51000,45900,10
2026-08-25T13:44:36+09:00,디미트리블랙,4796657,2WAY 나일론 디트로이트 윈드 자켓_블랙,51000,42900,16
2026-08-25T13:44:36+09:00,디미트리블랙,4796684,VLAD 데님 아플리케 후드 티셔츠_더스트 인디고,44400,36900,17
2026-08-25T13:44:36+09:00,디미트리블랙,4796683,VLAD 데님 아플리케 후드 티셔츠_더스트 블랙,44400,39900,10
2026-08-25T13:44:36+09:00,디미트리블랙,4796679,2WAY OG 에센셜 디트로이트 후드 집업_데님 더스트 인디고,53300,47900,10
2026-08-25T13:44:36+09:00,디미트리블랙,4796667,에센셜 피그먼트 와플 후드 티셔츠_네이비,44400,39900,10
2026-08-25T13:44:36+09:00,디미트리블랙,4768159,아트웍 페이드 워싱 후드 티셔츠_피그먼트 차콜,48800,37900,22
2026-08-25T13:44:36+09:00,디미트리블랙,4768158,아트웍 페이드 워싱 후드 티셔츠_피그먼트 네이비,48800,37900,22
2026-08-25T13:44:36+09:00,디미트리블랙,4768154,VLAD 컷오프 아플리케 맨투맨 티셔츠_올리브,42200,37900,10
2026-08-25T13:44:36+09:00,디미트리블랙,4768152,VLAD 컷오프 아플리케 슈팅 스타 후드 티셔츠_피그먼트 네이비&크림,47700,39900,16
2026-08-25T13:44:36+09:00,디미트리블랙,4768149,ASI 에센셜 컷오프 피그먼트 맨투맨 티셔츠_차콜,50000,33900,32
2026-08-25T13:44:36+09:00,디미트리블랙,4768148,VLAD 원턱 트랙 스웻 팬츠_피그먼트 차콜,38800,34900,10
2026-08-25T13:44:36+09:00,디미트리블랙,4768143,VLAD 워시드 카모플라쥬 후드 집업_네이비&그레이,52200,36900,29
2026-08-25T13:44:36+09:00,디미트리블랙,4768141,VLAD 워시드 카모플라쥬 후드 집업_그린,52200,39900,24
2026-08-25T13:44:36+09:00,디미트리블랙,4768140,와이드 카펜터 코튼 팬츠_베이지,37700,33900,10
2026-08-25T13:44:36+09:00,디미트리블랙,4768139,와이드 카펜터 코튼 팬츠_올리브,37700,33900,10
2026-08-25T13:44:36+09:00,디미트리블랙,4671571,ASI 포시즌 에센셜 후드 집업_피그먼트 브라운,51000,39900,22
2026-08-25T13:44:36+09:00,디미트리블랙,4671567,2WAY 페이드 워싱 디트로이트 스웨이드 자켓_블랙,79900,59900,25
2026-08-25T13:44:36+09:00,디미트리블랙,4671566,2WAY 페이드 워싱 디트로이트 스웨이드 자켓_브라운,79900,54900,31
2026-08-25T13:44:36+09:00,디미트리블랙,4671565,2WAY 페이드 워싱 디트로이트 스웨이드 자켓_그레이,79900,59900,25
2026-08-25T13:44:36+09:00,디미트리블랙,4671564,VLAD 스트라이프 로고 후드 집업_네이비&올리브,49900,35900,28
2026-08-25T13:44:36+09:00,디미트리블랙,4671560,VLAD 스트라이프 로고 후드 집업_블랙&그레이,49900,35900,28
2026-08-25T13:44:36+09:00,디미트리블랙,4671559,VLAD 스트라이프 로고 후드 집업_블랙&화이트,49900,38900,22
2026-08-25T13:44:36+09:00,디미트리블랙,4671558,VLAD 로고 자수 니트 후드 티셔츠_차콜,49900,39900,20
2026-08-25T13:44:36+09:00,디미트리블랙,4671555,ASI 에센셜 베이직 니트 가디건_차콜 그레이,45900,30900,33
2026-08-25T13:44:36+09:00,디미트리블랙,4671554,ASI 에센셜 베이직 니트 가디건_멜란지,45900,33900,26
2026-08-25T13:44:36+09:00,디미트리블랙,4671553,ASI 에센셜 베이직 니트 가디건_오트밀,45900,33900,26
2026-08-25T13:44:36+09:00,디미트리블랙,4671549,VLAD TYPE-A 트랙 아트웍 후드 티셔츠_피그먼트 차콜,51000,39900,22
2026-08-25T13:44:36+09:00,디미트리블랙,4671548,2WAY 래글런 투톤 니트 후드 집업_오트밀&차콜,51900,39900,23
2026-08-25T13:44:36+09:00,디미트리블랙,4671544,ASI 포시즌 에센셜 하프 집업 맨투맨_블랙,47900,29900,38
2026-08-25T13:44:36+09:00,디미트리블랙,4567792,VLAD 컷오프 아플리케 후드 집업_차콜,65000,43900,32
2026-08-25T13:44:36+09:00,디미트리블랙,4567788,2WAY 에센셜 코듀로이 후드 집업_브라운,51900,36900,29
2026-08-25T13:44:36+09:00,디미트리블랙,4567786,2WAY 에센셜 코듀로이 후드 집업_오트밀,51900,39900,23
2026-08-25T13:44:36+09:00,디미트리블랙,4567783,2WAY 에센셜 코듀로이 후드 집업_올리브,51900,39900,23
2026-08-25T13:44:36+09:00,디미트리블랙,4522328,VLAD 페이드 워싱 슬래쉬 코듀로이 후드 자켓_더스트 브라운,73900,59900,19
2026-08-25T13:44:36+09:00,디미트리블랙,4522327,VLAD 페이드 워싱 슬래쉬 코듀로이 후드 자켓_더스트 올리브,73900,59900,19
2026-08-25T13:44:36+09:00,디미트리블랙,4450947,코듀로이 페이드 워싱 더블니 카펜터 팬츠_더스트 브라운,49900,39900,20
2026-08-25T13:44:36+09:00,디미트리블랙,4450945,2WAY 에센셜 헤비웨이트 노르딕 가디건_베이지,69900,39900,43
2026-08-25T13:44:36+09:00,디미트리블랙,4450943,2WAY 에센셜 헤비웨이트 노르딕 가디건_올리브,69900,43900,37
2026-08-25T13:44:36+09:00,디미트리블랙,4421530,에센셜 헤어리 라운드 니트_차콜 그레이,55000,29900,46
2026-08-25T13:44:36+09:00,디미트리블랙,4421528,에센셜 크롭 헤어리 라운드 니트_핑크,52500,29900,43
2026-08-25T13:44:36+09:00,디미트리블랙,4421524,에센셜 크롭 헤어리 라운드 니트_라이트 그린,52500,29900,43
2026-08-25T13:44:36+09:00,디미트리블랙,4421521,ASI 포시즌 에센셜 크롭 후드집업_백멜란지,42500,35900,16
2026-08-25T13:44:36+09:00,디미트리블랙,4421508,2WAY 헤비웨이트 케이블 니트 후드 집업_피그먼트 네이비,66000,49900,24
2026-08-25T13:44:36+09:00,디미트리블랙,4421503,에센셜 헤어리 하프 집업 니트_핑크,58500,39900,32
2026-08-25T13:44:36+09:00,디미트리블랙,4421502,2WAY 에센셜 그라데이션 헤어리 후드집업_오트밀,59900,39900,33
2026-08-25T13:44:36+09:00,디미트리블랙,4421498,2WAY 에센셜 그라데이션 헤어리 후드집업_블루 아이보리,59900,39900,33
2026-08-25T13:44:36+09:00,디미트리블랙,4421497,2WAY 에센셜 그라데이션 헤어리 후드집업_그린,59900,35900,40
2026-08-25T13:44:36+09:00,디미트리블랙,4421496,2WAY 에센셜 그라데이션 헤어리 후드집업_핑크,59900,39900,33
2026-08-25T13:44:36+09:00,디미트리블랙,4408951,2WAY OG 에센셜 디트로이트 스웨이드 자켓_블랙,82900,52900,36
2026-08-25T13:44:36+09:00,디미트리블랙,4408948,2WAY OG 에센셜 디트로이트 스웨이드 자켓_올리브,82900,57900,30
2026-08-25T13:44:36+09:00,디미트리블랙,4408946,2WAY 웨스턴 비건 스웨이드 자켓_브라운,74900,45900,39
2026-08-25T13:44:36+09:00,디미트리블랙,4408945,2WAY 웨스턴 비건 스웨이드 자켓_블랙,74900,49900,33
2026-08-25T13:44:36+09:00,디미트리블랙,4408944,2WAY 웨스턴 비건 스웨이드 자켓_올리브,74900,49900,33
2026-08-25T13:44:36+09:00,디미트리블랙,4408941,ASI OG 에센셜 트러커 자켓_스웨이드 올리브,63500,59900,6
2026-08-25T13:44:36+09:00,디미트리블랙,4408939,2WAY 헤비웨이트 케이블 니트 후드 집업_더스티 핑크,66000,45900,30
2026-08-25T13:44:36+09:00,디미트리블랙,4408934,헤비웨이트 케이블 니트 후드 티셔츠_더스티 핑크,63000,43900,30
2026-08-25T13:44:36+09:00,디미트리블랙,4408926,VLAD TYPE-A 래글런 아트웍 후드 니트_블랙,48900,39900,18
2026-08-25T13:44:36+09:00,디미트리블랙,4408925,VLAD TYPE-A 래글런 아트웍 후드 니트_차콜,48900,39900,18
2026-08-25T13:44:36+09:00,디미트리블랙,4408924,VLAD TYPE-A 래글런 아트웍 후드 니트_레드,48900,36900,25
2026-08-25T13:44:36+09:00,디미트리블랙,4408922,VLAD TYPE-A 투톤 니트 맨투맨_블랙,47900,35900,25
2026-08-25T13:44:36+09:00,디미트리블랙,4408920,VLAD TYPE-A 투톤 니트 맨투맨_올리브,47900,35900,25
2026-08-25T13:44:36+09:00,디미트리블랙,4408919,VLAD TYPE-A 투톤 긴팔 후드 니트_블랙,48900,39900,18
2026-08-25T13:44:36+09:00,디미트리블랙,4408917,VLAD TYPE-A 투톤 긴팔  후드 니트_올리브,48900,39900,18
2026-08-25T13:44:36+09:00,디미트리블랙,4335940,2WAY OG 페이드 워싱 디트로이트 퀼팅 자켓_블랙,89900,63900,29
2026-08-25T13:44:36+09:00,디미트리블랙,4335939,2WAY OG 페이드 워싱 디트로이트 퀼팅 자켓_베이지,89900,58900,34
2026-08-25T13:44:36+09:00,디미트리블랙,4335936,2WAY OG 페이드 워싱 디트로이트 퀼팅 데님 자켓_더스트 인디고,87900,63900,27
2026-08-25T13:44:36+09:00,디미트리블랙,4335931,VTG 웨스턴 블루종 자켓_브라운,79900,59900,25
2026-08-25T13:44:36+09:00,디미트리블랙,4335929,VTG 웨스턴 블루종 자켓_블랙,79900,54900,31
2026-08-25T13:44:36+09:00,디미트리블랙,4335924,2WAY OG 에센셜 페이드 워싱 미시간 데님 자켓_빈티지블랙,75900,51900,32
2026-08-25T13:44:36+09:00,디미트리블랙,4335920,ASI 스트라이프 럭비 긴팔 니트 티셔츠_그린,39900,36900,8
2026-08-25T13:44:36+09:00,디미트리블랙,4335918,ASI 스트라이프 럭비 긴팔 니트 티셔츠_네이비,39900,33900,15
2026-08-25T13:44:36+09:00,디미트리블랙,4335911,ASI 하프밴딩 플레어핏 슬랙스_블랙,48900,27900,43
2026-08-25T13:44:36+09:00,디미트리블랙,4335910,ASI 하프밴딩 플레어핏 슬랙스_그레이,48900,27900,43
2026-08-25T13:44:36+09:00,디미트리블랙,4335909,VLAD 래글런 트랙 맨투맨 니트_블랙,42900,38900,9
2026-08-25T13:44:36+09:00,디미트리블랙,4335908,VLAD 래글런 트랙 맨투맨 니트_네이비,42900,29900,30
2026-08-25T13:44:36+09:00,디미트리블랙,4335905,VLAD 래글런 트랙 맨투맨 니트_와인,42900,38900,9
2026-08-25T13:44:36+09:00,디미트리블랙,4326568,VLAD 워시드 슬래쉬 데님 후드 자켓_인디고그레이,71500,43900,39
2026-08-25T13:44:36+09:00,디미트리블랙,4326565,2WAY 웨스턴 데님 자켓_더스트블랙,69900,41900,40
2026-08-25T13:44:36+09:00,디미트리블랙,4326563,2WAY 웨스턴 데님 자켓_더스트 인디고,69900,45900,34
2026-08-25T13:44:36+09:00,디미트리블랙,4326561,2WAY 웨스턴 데님 자켓_인디고그레이,69900,45900,34
2026-08-25T13:44:36+09:00,디미트리블랙,4326559,ASI 포시즌 워시드 스트레이트핏 데님 팬츠_더스트 인디고,39900,33900,15
2026-08-25T13:44:36+09:00,디미트리블랙,4326556,ASI 포시즌 워시드 스트레이트핏 데님 팬츠_인디고,39900,33900,15
2026-08-25T13:44:36+09:00,디미트리블랙,4326554,ASI 포시즌 워시드 스트레이트핏 데님 팬츠_인디고그레이,39900,30900,23
2026-08-25T13:44:36+09:00,디미트리블랙,4326544,NYC 후드 티셔츠_피그먼트 차콜&크림,52900,44900,15
2026-08-25T13:44:36+09:00,디미트리블랙,4326543,NYC 후드 티셔츠_피그먼트 네이비&크림,52900,47900,9
2026-08-25T13:44:36+09:00,디미트리블랙,4326538,VLAD 컷오프 아플리케 후드 티셔츠_네이비,49900,39900,20
2026-08-25T13:44:36+09:00,디미트리블랙,4326536,VLAD 컷오프 아플리케 후드 티셔츠_차콜,54200,36900,32
2026-08-25T13:44:36+09:00,디미트리블랙,4326535,래글런 배색 피그먼트 웨스턴 로고 후드 티셔츠_차콜&크림,49900,33900,32
2026-08-25T13:44:36+09:00,디미트리블랙,4326533,래글런 배색 피그먼트 웨스턴 로고 후드 티셔츠_크림&레드,49900,33900,32
2026-08-25T13:44:36+09:00,디미트리블랙,4326532,래글런 배색 피그먼트 웨스턴 로고 후드 티셔츠_크림&차콜,49900,30900,38
2026-08-25T13:44:36+09:00,디미트리블랙,4326528,에센셜 플레어핏 데님 팬츠_빈티지블랙,44500,18900,58
2026-08-25T13:44:36+09:00,디미트리블랙,4326527,에센셜 플레어핏 데님 팬츠_인디고,44500,21900,51
2026-08-25T13:44:36+09:00,디미트리블랙,4326526,ASI 피그먼트 배색 페이드 링거 맨투맨 티셔츠_차콜,49000,37900,23
2026-08-25T13:44:36+09:00,디미트리블랙,4326524,ASI 피그먼트 배색 페이드 링거 맨투맨 티셔츠_네이비,49000,27900,43
2026-08-25T13:44:36+09:00,디미트리블랙,4308206,VLAD 라운드 슬래쉬 데님 팬츠_더스트 인디고,42200,33900,20
2026-08-25T13:44:36+09:00,디미트리블랙,4308205,VLAD 라운드 슬래쉬 데님 팬츠_그레이,42200,30900,27
2026-08-25T13:44:36+09:00,디미트리블랙,4308204,VLAD 라운드 슬래쉬 데님 팬츠_더스트블랙,42200,33900,20
2026-08-25T13:44:36+09:00,디미트리블랙,4308203,VLAD 피그먼트 슬래쉬 롱슬리브 티셔츠_차콜,45900,33900,26
2026-08-25T13:44:36+09:00,디미트리블랙,4308193,에센셜 와이드 플레어핏 데님 팬츠_인디고,44500,39900,10
2026-08-25T13:44:36+09:00,디미트리블랙,4308192,에센셜 와이드 플레어핏 데님 팬츠_옐로우 워싱,44500,39900,10
2026-08-25T13:44:36+09:00,디미트리블랙,4308188,래글런 배색 피그먼트 아트웍 티셔츠_차콜&크림,45900,22900,50
2026-08-25T13:44:36+09:00,디미트리블랙,4308187,VLAD 원턱 피그먼트 페이드 워싱 스웻 팬츠_블랙,46900,30900,34
2026-08-25T13:44:36+09:00,디미트리블랙,4308186,VLAD 원턱 피그먼트 페이드 워싱 스웻 팬츠_네이비,46900,33900,28
2026-08-25T13:44:36+09:00,디미트리블랙,4308185,VLAD 원턱 피그먼트 페이드 워싱 스웻 팬츠_핑크,46900,33900,28
2026-08-25T13:44:36+09:00,디미트리블랙,4308184,VLAD 원턱 피그먼트 페이드 워싱 스웻 팬츠_올리브,46900,30900,34
2026-08-25T13:44:36+09:00,디미트리블랙,4308180,바이오워싱 와이드 카펜터 데님 팬츠_더스트 인디고,44500,35900,19
2026-08-25T13:44:36+09:00,디미트리블랙,4308179,바이오워싱 와이드 카펜터 데님 팬츠_인디고,44500,35900,19
2026-08-25T13:44:36+09:00,디미트리블랙,4308176,바이오워싱 와이드 카펜터 데님 팬츠_더스트블랙,44500,32900,26
2026-08-25T13:44:36+09:00,디미트리블랙,4308175,바이오 웨스턴 데님 셔츠_더스트 인디고,51900,39900,23
2026-08-25T13:44:36+09:00,디미트리블랙,4308174,바이오 웨스턴 데님 셔츠_더스트블랙,51900,39900,23
2026-08-25T13:44:36+09:00,디미트리블랙,4288952,ASI OG 에센셜 트러커 자켓_데님 빈티지 블랙,63500,45900,28
2026-08-25T13:44:36+09:00,디미트리블랙,4288950,[크롭선택] ASI 포시즌 에센셜 스웻 후드 티셔츠_피그먼트 차콜,44500,40900,8
2026-08-25T13:44:36+09:00,디미트리블랙,4288949,ASI 포시즌 에센셜 스웻 후드 티셔츠_피그먼트 네이비,44500,35900,19
2026-08-25T13:44:36+09:00,디미트리블랙,4288948,ASI 포시즌 에센셜 스웻 후드 티셔츠_피그먼트 올리브,44500,35900,19
2026-08-25T13:44:36+09:00,디미트리블랙,4288946,ASI 에센셜 원턱 와이드 데님 팬츠_더스트 블랙,38000,33900,11
2026-08-25T13:44:36+09:00,디미트리블랙,4288945,에센셜 페이드 워싱 퍼티그 팬츠_블랙,45900,29900,35
2026-08-25T13:44:36+09:00,디미트리블랙,4288944,에센셜 페이드 워싱 퍼티그 팬츠_올리브,45900,26900,41
2026-08-25T13:44:36+09:00,디미트리블랙,4288942,에센셜 페이드 워싱 퍼티그 팬츠_베이지,45900,29900,35
2026-08-25T13:44:36+09:00,디미트리블랙,4288941,ASI 레이어링 솔리드 롱슬리브 링거 티셔츠_아이보리,29900,25900,13
2026-08-25T13:44:36+09:00,디미트리블랙,4288939,ASI 레이어링 솔리드 롱슬리브 링거 티셔츠_블랙,29900,27900,7
2026-08-25T13:44:36+09:00,디미트리블랙,4288936,ASI 에센셜 바이오워싱 데님 셔츠_라이트 블루,45900,36900,20
2026-08-25T13:44:36+09:00,디미트리블랙,4288935,ASI 에센셜 바이오워싱 데님 셔츠_더스트 인디고,50000,33900,32
2026-08-25T13:44:36+09:00,디미트리블랙,4288934,ASI 에센셜 바이오워싱 데님 셔츠_빈티지 블랙,45900,36900,20
2026-08-25T13:44:36+09:00,디미트리블랙,4288933,ASI 에센셜 바이오워싱 데님 셔츠_인디고 그레이,45900,33900,26
2026-08-25T13:44:36+09:00,디미트리블랙,4288927,[크롭선택] ASI 포시즌 에센셜 후드 집업_스웻 블랙,56700,33900,40
2026-08-25T13:44:36+09:00,디미트리블랙,4288926,ASI 포시즌 에센셜 후드 집업_스웻 오트밀,51000,39900,22
2026-08-25T13:44:36+09:00,디미트리블랙,4288925,ASI 포시즌 에센셜 후드 집업_스웻 백멜란지,51000,33900,34
2026-08-25T13:44:36+09:00,디미트리블랙,4166708,더블니 버뮤다 코튼 팬츠_베이지,55900,32900,41
2026-08-25T13:44:36+09:00,디미트리블랙,4055778,ASI 카고 버뮤다 스웻 팬츠_3 COLOR,54900,34900,36
2026-08-25T13:44:36+09:00,디미트리블랙,4055792,[SET] 나일론 고프코어 팬츠 패키지 3 STYLE,78500,57900,26
2026-08-25T13:44:36+09:00,디미트리블랙,4055771,VLAD 피그먼트 슬래쉬 반팔 티셔츠_차콜,40900,29900,27
2026-08-25T13:44:36+09:00,디미트리블랙,4036295,바이오 웨스턴 데님 반팔 셔츠_인디고,46900,34900,26
2026-08-25T13:44:36+09:00,디미트리블랙,4036310,바이오워싱 카펜터 버뮤다 데님 팬츠_그레이,54900,16900,69
2026-08-25T13:44:36+09:00,디미트리블랙,4036308,바이오워싱 카펜터 버뮤다 데님 팬츠_블랙,54900,19900,64
2026-08-25T13:44:36+09:00,디미트리블랙,4036307,바이오워싱 카펜터 버뮤다 데님 팬츠_옐로우 워싱,54900,19900,64
2026-08-25T13:44:36+09:00,디미트리블랙,4036305,바이오워싱 카고 버뮤다 데님 팬츠_인디고,55900,29900,47
2026-08-25T13:44:36+09:00,디미트리블랙,3987399,ASI 레이어링 스트라이프 반팔 티셔츠_4 COLOR,33900,27900,18
2026-08-25T13:44:36+09:00,디미트리블랙,3987413,ASI 에센셜 피그먼트 래글런 반팔 티셔츠_4 COLOR,32500,21900,33
2026-08-25T13:44:36+09:00,디미트리블랙,3883054,바이오 웨스턴 데님 셔츠_인디고,51900,36900,29
2026-08-25T13:44:36+09:00,디미트리블랙,3836925,VLAD 배색 로고 아트웍 풀오버_네이비,56000,36900,34
2026-08-25T13:44:36+09:00,디미트리블랙,3836926,VLAD 배색 로고 아트웍 풀오버_그레이,56000,39900,29
2026-08-25T13:44:36+09:00,디미트리블랙,3836927,VLAD 배색 로고 아트웍 풀오버_블랙,56000,39900,29
2026-08-25T13:44:36+09:00,디미트리블랙,3836941,VLAD 2WAY 어센틱 후드 윈드브레이커 자켓_차콜/블랙,85900,44900,48
2026-08-25T13:44:36+09:00,디미트리블랙,3823870,더블니 워크 팬츠_베이지,49000,29900,39
2026-08-25T13:44:36+09:00,디미트리블랙,3823895,VLAD TYPE-B 피그먼트 아이덴티티 후드 티셔츠_차콜 그레이,53000,43900,17
2026-08-25T13:44:36+09:00,디미트리블랙,3783098,ASI 에센셜 원턱 와이드 데님 팬츠_옐로우 워싱,38000,33900,11
2026-08-25T13:44:36+09:00,디미트리블랙,3783094,[3천원 결제혜택] [크롭선택] ASI 포시즌 에센셜 후드 집업_스웻 멜란지,55900,39900,29
2026-08-25T13:44:36+09:00,디미트리블랙,3783093,ASI 포시즌 에센셜 후드 집업_피그먼트 네이비,51000,41900,18
2026-08-25T13:44:36+09:00,디미트리블랙,3783092,[크롭선택] ASI 포시즌 에센셜 후드 집업_피그먼트 차콜,60900,36900,39
2026-08-25T13:44:36+09:00,디미트리블랙,3783077,VLAD TYPE-A 트랙 아트웍 후드 티셔츠_네이비,51000,43900,14
2026-08-25T13:44:36+09:00,디미트리블랙,3783076,VLAD TYPE-A 트랙 아트웍 후드 티셔츠_멜란지,51000,43900,14
2026-08-25T13:44:36+09:00,디미트리블랙,3783075,VLAD TYPE-A 트랙 아트웍 후드 티셔츠_오트밀,51000,40900,20
2026-08-25T13:44:36+09:00,디미트리블랙,3783084,VLAD TYPE-B 아스트로 후드 티셔츠_블랙,51000,43900,14
2026-08-25T13:44:36+09:00,디미트리블랙,3783083,VLAD TYPE-B 아스트로 후드 티셔츠_네이비,51000,43900,14
2026-08-25T13:44:36+09:00,디미트리블랙,3783082,VLAD TYPE-B 아스트로 후드 티셔츠_오트밀,51000,43900,14
2026-08-25T13:44:36+09:00,디미트리블랙,3783081,VLAD TYPE-B 아스트로 후드 티셔츠_아이보리,51000,40900,20
2026-08-25T13:44:36+09:00,디미트리블랙,2818323,코듀로이 퍼티그 수트 셋업_올리브,155000,131900,15
2026-08-25T13:44:36+09:00,디미트리블랙,3605729,2WAY 크롭 코듀로이 드리즐러 자켓_올리브,74000,45900,38
2026-08-25T13:44:36+09:00,디미트리블랙,3539902,에센셜 헤어리 라운드 니트_핑크,55000,26900,51
2026-08-25T13:44:36+09:00,디미트리블랙,3539903,에센셜 헤어리 라운드 니트_스카이블루,55000,39900,27
2026-08-25T13:44:36+09:00,디미트리블랙,3539905,에센셜 헤어리 라운드 니트_라이트 그린,55000,29900,46
2026-08-25T13:44:36+09:00,디미트리블랙,3539904,에센셜 헤어리 라운드 니트_라이트 그레이,55000,36900,33
2026-08-25T13:44:36+09:00,디미트리블랙,3539913,2WAY 헤비웨이트 케이블 니트 후드 집업_오트밀,66000,43900,33
2026-08-25T13:44:36+09:00,디미트리블랙,3539892,2WAY 헤비웨이트 하찌 니트 후드 집업_오트밀,55000,45900,17
2026-08-25T13:44:36+09:00,디미트리블랙,3521959,(2024ver) 올시즌 데일리 블레이저 자켓_올리브,84900,79900,6
2026-08-25T13:44:36+09:00,디미트리블랙,3521961,(2024ver) 올시즌 데일리 블레이저 자켓_블랙,84900,79900,6
2026-08-25T13:44:36+09:00,디미트리블랙,3521960,(2024ver) 올시즌 데일리 블레이저 자켓_그레이,84900,71900,15
2026-08-25T13:44:36+09:00,디미트리블랙,3469204,2WAY 크롭 데님 블루종 자켓_라이트 인디고,48800,44900,8
2026-08-25T13:44:36+09:00,디미트리블랙,3469200,ASI 에센셜 원턱 와이드 데님 팬츠_인디고,38000,29900,21
2026-08-25T13:44:36+09:00,디미트리블랙,3469209,원턱 에센셜 PARACHUTE 팬츠_인디고,41000,29900,27
2026-08-25T13:44:36+09:00,디미트리블랙,3457726,VLAD VDMR 풋볼클럽 져지_화이트,42000,29900,29
2026-08-25T13:44:36+09:00,디미트리블랙,3457743,ASI 2WAY 어센틱 워싱코튼 후드집업_베이지,73000,31900,56
2026-08-25T13:44:36+09:00,디미트리블랙,3029721,ASI 스트라이프 럭비 맨투맨 티셔츠_네이비&화이트,42000,32900,22
2026-08-25T13:44:36+09:00,디미트리블랙,2389198,ASI 스트라이프 럭비 맨투맨 티셔츠 그린/네이비,42000,32900,22
2026-08-25T13:44:36+09:00,디미트리블랙,3228764,바이오워싱 카펜터 버뮤다 데님 팬츠_라이트블루,54900,16900,69
2026-08-25T13:44:36+09:00,디미트리블랙,2533765,오버핏 컴포트 하프 셔츠 셋업_다크그레이,79900,34900,56
2026-08-25T13:44:36+09:00,디미트리블랙,3174927,ASI 커브드 핀턱 카라 반팔 PK 셔츠_5 COLOR,49500,22900,54
2026-08-25T13:44:36+09:00,디미트리블랙,3170601,오버핏 시어서커 블레이져 자켓_네이비,99000,63900,35
2026-08-25T13:44:36+09:00,디미트리블랙,3059721,사이드픽스 슈팅 수트 셋업_그레이,156000,132900,15
2026-08-25T13:44:36+09:00,디미트리블랙,3059720,사이드픽스 슈팅 수트 셋업_블랙,156000,140900,10
2026-08-25T13:44:36+09:00,디미트리블랙,3059719,사이드픽스 슈팅 수트 셋업_베이지,156000,140900,10
2026-08-25T13:44:36+09:00,디미트리블랙,3059713,사이드픽스 슈팅 블레이저 자켓_그레이,110000,99900,9
2026-08-25T13:44:36+09:00,디미트리블랙,3059712,사이드픽스 슈팅 블레이저 자켓_블랙,110000,99900,9
2026-08-25T13:44:36+09:00,디미트리블랙,3059710,사이드픽스 슈팅 블레이저 자켓_베이지,110000,93900,15
2026-08-25T13:44:36+09:00,디미트리블랙,3059709,사이드픽스 투턱 세미와이드 팬츠_그레이,52000,46900,10
2026-08-25T13:44:36+09:00,디미트리블랙,3059708,사이드픽스 투턱 세미와이드 팬츠_블랙,52000,46900,10
2026-08-25T13:44:36+09:00,디미트리블랙,3059707,사이드픽스 투턱 세미와이드 팬츠_베이지,52000,43900,16
2026-08-25T13:44:36+09:00,디미트리블랙,3037472,ASI 2WAY 나일론 메탈 후드 윈드브레이커 자켓_메탈 그레이,85900,49900,42
2026-08-25T13:44:36+09:00,디미트리블랙,3037471,ASI 2WAY 나일론 메탈 후드 윈드브레이커 자켓_스틸 블루,85900,44900,48
2026-08-25T13:44:36+09:00,디미트리블랙,3037465,VLAD 워터프루프 와이드 카고 팬츠_블랙,56900,33900,40
2026-08-25T13:44:36+09:00,디미트리블랙,2818308,코듀로이 퍼티그 팬츠_블랙,73000,65900,10
2026-08-25T13:44:36+09:00,디미트리블랙,2818310,코듀로이 퍼티그 팬츠_올리브,73000,61900,15
2026-08-25T13:44:36+09:00,디미트리블랙,2818314,코듀로이 퍼티그 블레이저 자켓_블랙,100000,90900,9
2026-08-25T13:44:36+09:00,디미트리블랙,2818316,코듀로이 퍼티그 블레이저 자켓_올리브,100000,90900,9
2026-08-25T13:44:36+09:00,디미트리블랙,2723218,ASI 2WAY 어센틱 후드 윈드브레이커 자켓_블랙,85900,39900,54
2026-08-25T13:44:36+09:00,디미트리블랙,2533537,사이드포켓 하프 팬츠_다크그레이,52300,16900,68
2026-08-25T13:44:36+09:00,디미트리블랙,2533564,오버핏 컴포트 셔츠_다크그레이,54800,43900,20
2026-08-25T13:44:36+09:00,디미트리블랙,2485174,어나더 포켓 하프팬츠_올리브,49000,16900,66
2026-08-25T13:44:36+09:00,디미트리블랙,2326332,와이드 캐주얼 밴딩 슬랙스 네이비,69000,45900,33
2026-08-25T13:44:36+09:00,디미트리블랙,2326245,와이드 캐주얼 밴딩 슬랙스 블랙,69000,41900,39
2026-08-25T13:44:40+09:00,키뮤어,5902945,리버시블 체크 헤링턴 점퍼_브라운,169000,152100,10
2026-08-25T13:44:40+09:00,키뮤어,6980188,울(WOOL) 트러커 자켓_블랙,189000,170100,10
2026-08-25T13:44:40+09:00,키뮤어,6980163,리버시블 체크 헤링턴 점퍼_버건디,169000,152100,10
2026-08-25T13:44:40+09:00,키뮤어,6980159,리버시블 체크 헤링턴 점퍼_블랙,169000,152100,10
2026-08-25T13:44:40+09:00,키뮤어,6980121,[크롭] 데님 트러커 자켓_블루,149000,134100,10
2026-08-25T13:44:40+09:00,키뮤어,6980119,[크롭] 데님 트러커 자켓_블랙,149000,134100,10
2026-08-25T13:44:40+09:00,키뮤어,6980055,[크롭] 스트라이프 헨리넥 니트_버건디,69000,62100,10
2026-08-25T13:44:40+09:00,키뮤어,6980053,[크롭] 스트라이프 헨리넥 니트_차콜,69000,62100,10
2026-08-25T13:44:40+09:00,키뮤어,6980031,[크롭] 와플 헨리넥 니트_코코아,69000,62100,10
2026-08-25T13:44:40+09:00,키뮤어,6980027,[크롭] 와플 헨리넥 니트_차콜,69000,62100,10
2026-08-25T13:44:40+09:00,키뮤어,6980026,[크롭] 와플 헨리넥 니트_멜란지그레이,69000,62100,10
2026-08-25T13:44:40+09:00,키뮤어,6980017,[크롭] 울터치 크롭 라운드 니트_멜란지그레이,64000,57600,10
2026-08-25T13:44:40+09:00,키뮤어,6980015,[크롭] 울터치 크롭 라운드 니트_민트,64000,57600,10
2026-08-25T13:44:40+09:00,키뮤어,6980014,[크롭] 울터치 크롭 라운드 니트_딥블루,64000,57600,10
2026-08-25T13:44:40+09:00,키뮤어,6979712,[크롭] 스트라이프 레이어드 헨리넥 롱슬리브_차콜,64000,64000,0
2026-08-25T13:44:40+09:00,키뮤어,6979708,[크롭] 스트라이프 레이어드 헨리넥 롱슬리브_버건디,64000,64000,0
2026-08-25T13:44:40+09:00,키뮤어,6979706,[크롭] 스트라이프 레이어드 헨리넥 롱슬리브_스트라이프,64000,64000,0
2026-08-25T13:44:40+09:00,키뮤어,6979664,[크롭] 라이트 레이어드 롱슬리브_레몬,34000,30600,10
2026-08-25T13:44:40+09:00,키뮤어,6979662,[크롭] 라이트 레이어드 롱슬리브_민트,34000,30600,10
2026-08-25T13:44:40+09:00,키뮤어,6979660,[크롭] 라이트 레이어드 롱슬리브_퍼플,34000,30600,10
2026-08-25T13:44:40+09:00,키뮤어,6979659,[크롭] 라이트 레이어드 롱슬리브_네이비,34000,30600,10
2026-08-25T13:44:40+09:00,키뮤어,6979658,[크롭] 라이트 레이어드 롱슬리브_차콜,34000,30600,10
2026-08-25T13:44:40+09:00,키뮤어,6979621,[크롭] 체크 플란넬 후드 롱슬리브_네이비,64000,57600,10
2026-08-25T13:44:40+09:00,키뮤어,6979620,[크롭] 체크 플란넬 후드 롱슬리브_퍼플,64000,57600,10
2026-08-25T13:44:40+09:00,키뮤어,6979612,[크롭] 라이트 후드 집업_차콜 [레이어드티 선택],74000,74000,0
2026-08-25T13:44:40+09:00,키뮤어,6979610,[크롭] 라이트 후드 집업_네이비 [레이어드티 선택],74000,74000,0
2026-08-25T13:44:40+09:00,키뮤어,6979608,[크롭] 라이트 후드 집업_퍼플 [레이어드티 선택],74000,74000,0
2026-08-25T13:44:40+09:00,키뮤어,6979575,[크롭] 와플 후드 롱슬리브_애쉬블루,69000,62100,10
2026-08-25T13:44:40+09:00,키뮤어,6979573,[크롭] 와플 후드 롱슬리브_차콜,69000,62100,10
2026-08-25T13:44:40+09:00,키뮤어,6979524,커브드 카고 코튼 팬츠_베이지 [벨트/키링 선택],84000,75600,10
2026-08-25T13:44:40+09:00,키뮤어,6979522,커브드 카고 코튼 팬츠_블랙 [벨트/키링 선택],84000,75600,10
2026-08-25T13:44:40+09:00,키뮤어,6979506,커브드 라인 코튼 팬츠_차콜 [벨트/키링 선택],59000,53100,10
2026-08-25T13:44:40+09:00,키뮤어,6979502,커브드 라인 코튼 팬츠_베이지 [벨트/키링 선택],59000,53100,10
2026-08-25T13:44:40+09:00,키뮤어,6979482,커브드 생지 데님 팬츠_뉴 인디고 [벨트/키링 선택],79000,71100,10
2026-08-25T13:44:40+09:00,키뮤어,6979480,커브드 생지 데님 팬츠_블랙 데님 [벨트/키링 선택],79000,71100,10
2026-08-25T13:44:40+09:00,키뮤어,6253333,(우먼) 버튼 캡슬리브 반팔 블라우스_화이트,69000,48300,30
2026-08-25T13:44:40+09:00,키뮤어,6253332,(우먼) 버튼 캡슬리브 반팔 블라우스_블랙,69000,48300,30
2026-08-25T13:44:40+09:00,키뮤어,6253311,(우먼) 시어 스트라이프 오버핏 셔츠_화이트,69000,48300,30
2026-08-25T13:44:40+09:00,키뮤어,6253308,(우먼) 시어 스트라이프 오버핏 셔츠_스카이 블루,69000,62100,10
2026-08-25T13:44:40+09:00,키뮤어,6253269,(우먼) 레이어드 슬리브리스 원피스_스카이 블루,79000,55300,30
2026-08-25T13:44:40+09:00,키뮤어,6253045,(우먼) 언발란스 프릴 미디 스커트_화이트,74000,51800,30
2026-08-25T13:44:40+09:00,키뮤어,6253042,(우먼) 언발란스 프릴 미디 스커트_스카이 블루,74000,51800,30
2026-08-25T13:44:40+09:00,키뮤어,6156278,[크롭] 구아야베라 오픈 카라 크롭 셔츠_브라운 [나시 선택],59000,53100,10
2026-08-25T13:44:40+09:00,키뮤어,6156275,[크롭] 구아야베라 오픈 카라 크롭 셔츠_차콜 [나시 선택],59000,53100,10
2026-08-25T13:44:40+09:00,키뮤어,6154837,[크롭] 쿨터치 헨리넥 하프 니트_카키,49000,44100,10
2026-08-25T13:44:40+09:00,키뮤어,6154834,[크롭] 쿨터치 헨리넥 하프 니트_블랙,49000,44100,10
2026-08-25T13:44:40+09:00,키뮤어,6154829,[크롭] 쿨터치 헨리넥 하프 니트_네이비,49000,44100,10
2026-08-25T13:44:40+09:00,키뮤어,6154825,[크롭] 스트라이프 레이어드 헨리넥 반팔 티셔츠_멜란지 그레이,54000,48600,10
2026-08-25T13:44:40+09:00,키뮤어,6154823,[크롭] 스트라이프 레이어드 헨리넥 반팔 티셔츠_차콜,54000,48600,10
2026-08-25T13:44:40+09:00,키뮤어,6154819,[크롭] 스트라이프 레이어드 헨리넥 반팔 티셔츠_블랙,54000,48600,10
2026-08-25T13:44:40+09:00,키뮤어,6154816,[크롭] 배색 롤업 크롭 반팔 티셔츠_버건디,44000,39600,10
2026-08-25T13:44:40+09:00,키뮤어,6154812,[크롭] 배색 롤업 크롭 반팔 티셔츠_멜란지 그레이,44000,39600,10
2026-08-25T13:44:40+09:00,키뮤어,6154808,[크롭] 배색 롤업 크롭 반팔 티셔츠_블랙,44000,39600,10
2026-08-25T13:44:40+09:00,키뮤어,6154806,[크롭] 배색 롤업 크롭 반팔 티셔츠_화이트,44000,39600,10
2026-08-25T13:44:40+09:00,키뮤어,6154804,[크롭] 스트라이프 크롭 워싱 반팔 티셔츠_네이비,44000,39600,10
2026-08-25T13:44:40+09:00,키뮤어,6154802,[크롭] 스트라이프 크롭 워싱 반팔 티셔츠_차콜,44000,39600,10
2026-08-25T13:44:40+09:00,키뮤어,6154799,[크롭] 링거 크롭 반팔 티셔츠_베이지,44000,30800,30
2026-08-25T13:44:40+09:00,키뮤어,6154794,[크롭] 링거 크롭 반팔 티셔츠_멜란지 그레이,44000,30800,30
2026-08-25T13:44:40+09:00,키뮤어,6154791,[크롭] 헤비 코튼 롤업 헨리넥 반팔 티셔츠_멜란지 그레이,44000,39600,10
2026-08-25T13:44:40+09:00,키뮤어,6154788,[크롭] 링거 크롭 반팔 티셔츠_차콜,44000,30800,30
2026-08-25T13:44:40+09:00,키뮤어,6154785,[크롭] 헤비 코튼 롤업 헨리넥 반팔 티셔츠_차콜,44000,30800,30
2026-08-25T13:44:40+09:00,키뮤어,6154780,[크롭] 헤비 코튼 롤업 헨리넥 반팔 티셔츠_블랙,44000,30800,30
2026-08-25T13:44:40+09:00,키뮤어,6154778,[크롭] 플래시무브 링거 크롭 반팔 티셔츠_버건디,49000,44100,10
2026-08-25T13:44:40+09:00,키뮤어,6154775,[크롭] 플래시무브 링거 크롭 반팔 티셔츠_오트밀,49000,44100,10
2026-08-25T13:44:40+09:00,키뮤어,6154772,[크롭] 플래시무브 링거 크롭 반팔 티셔츠_멜란지 그레이,49000,44100,10
2026-08-25T13:44:40+09:00,키뮤어,6154769,[크롭] 피그먼트 포켓 크롭 반팔 티셔츠_그레이쉬 베이지,49000,44100,10
2026-08-25T13:44:40+09:00,키뮤어,6154767,[크롭] 피그먼트 포켓 크롭 반팔 티셔츠_차콜,49000,44100,10
2026-08-25T13:44:40+09:00,키뮤어,6154762,[크롭] 오프비트 선데이 크롭 반팔 티셔츠_멜란지 그레이,49000,44100,10
2026-08-25T13:44:40+09:00,키뮤어,6154737,선데이 바이브 반팔 티셔츠_아이보리,49000,34300,30
2026-08-25T13:44:40+09:00,키뮤어,6154734,선데이 바이브 반팔 티셔츠_화이트,49000,34300,30
2026-08-25T13:44:40+09:00,키뮤어,6154727,선데이 바이브 반팔 티셔츠_차콜,49000,44100,10
2026-08-25T13:44:40+09:00,키뮤어,6154688,[크롭] 구아야베라 오픈 카라 셔츠_화이트 [나시 선택],59000,41300,30
2026-08-25T13:44:40+09:00,키뮤어,6154685,[크롭] 데님 반팔 셔츠_블랙 [나시 선택],74000,66600,10
2026-08-25T13:44:40+09:00,키뮤어,6154677,[크롭] 크리즈 롤업 체크 반팔 셔츠_차콜 [나시 선택],64000,57600,10
2026-08-25T13:44:40+09:00,키뮤어,6154675,[크롭] 롤업 체크 반팔 셔츠_퍼플 [나시 선택],59000,53100,10
2026-08-25T13:44:40+09:00,키뮤어,6154673,[크롭] 롤업 체크 반팔 셔츠_브라운 [나시 선택],59000,53100,10
2026-08-25T13:44:40+09:00,키뮤어,6154671,[크롭] 롤업 체크 반팔 셔츠_그린 [나시 선택],59000,53100,10
2026-08-25T13:44:40+09:00,키뮤어,6154662,리브드 슬리브리스_차콜,19000,17100,10
2026-08-25T13:44:40+09:00,키뮤어,6154657,리브드 슬리브리스_블랙,19000,17100,10
2026-08-25T13:44:40+09:00,키뮤어,6154655,리브드 슬리브리스_멜란지 그레이,19000,17100,10
2026-08-25T13:44:40+09:00,키뮤어,6154520,헤링본 코튼 버뮤다 쇼츠_블랙 [벨트/키링 선택],74000,51800,30
2026-08-25T13:44:40+09:00,키뮤어,6154516,헤링본 코튼 버뮤다 쇼츠_베이지 [벨트/키링 선택],74000,66600,10
2026-08-25T13:44:40+09:00,키뮤어,6104838,비즈 체인 키링_블랙,19000,17100,10
2026-08-25T13:44:40+09:00,키뮤어,5903236,쿨터치 헨리넥 크롭 니트_브라운,54000,37800,30
2026-08-25T13:44:40+09:00,키뮤어,5903234,쿨터치 헨리넥 크롭 니트_네이비,54000,37800,30
2026-08-25T13:44:40+09:00,키뮤어,5903232,쿨터치 헨리넥 크롭 니트_블랙,54000,37800,30
2026-08-25T13:44:40+09:00,키뮤어,5903226,크롭 체크 셔츠_브라운,59000,41300,30
2026-08-25T13:44:40+09:00,키뮤어,5903224,크롭 체크 셔츠_스카이블루,59000,41300,30
2026-08-25T13:44:40+09:00,키뮤어,5903216,체크 후드 바람막이_블랙,89000,62300,30
2026-08-25T13:44:40+09:00,키뮤어,5903191,[스토커즈 PICK] 와플 헨리넥 크롭 맨투맨_차콜,59000,53100,10
2026-08-25T13:44:40+09:00,키뮤어,5903188,[스토커즈 PICK] 와플 헨리넥 크롭 맨투맨_그레이,59000,53100,10
2026-08-25T13:44:40+09:00,키뮤어,5903187,[스토커즈 PICK] 와플 헨리넥 크롭 맨투맨_블랙,59000,53100,10
2026-08-25T13:44:40+09:00,키뮤어,5903184,슬림 웨스턴 아일렛 벨트_브라운,26000,23400,10
2026-08-25T13:44:40+09:00,키뮤어,5903183,슬림 웨스턴 아일렛 벨트_블랙,26000,23400,10
2026-08-25T13:44:40+09:00,키뮤어,5903182,더블 아일렛 웨스턴 벨트_블랙,26000,24700,5
2026-08-25T13:44:40+09:00,키뮤어,5903180,베이직 웨스턴 벨트_블랙,19000,18050,5
2026-08-25T13:44:40+09:00,키뮤어,5903176,커브드 생지 데님 팬츠_인디고 [벨트/키링 선택],79000,71100,10
2026-08-25T13:44:40+09:00,키뮤어,5903174,커브드 생지 데님 팬츠_블랙 [벨트/키링 선택],79000,71100,10
2026-08-25T13:44:40+09:00,키뮤어,5903170,헤링본 코튼 커브드 카고 팬츠_브라운 [벨트/키링 선택],94000,65800,30
2026-08-25T13:44:40+09:00,키뮤어,5903165,커브드 와이드 코튼 팬츠_브라운 [벨트/키링 선택],79000,43450,45
2026-08-25T13:44:40+09:00,키뮤어,5903162,커브드 와이드 코튼 팬츠_베이지 [벨트/키링 선택],79000,43450,45
2026-08-25T13:44:40+09:00,키뮤어,5903156,스트라이프 다잉 후드 집업_버건디,119000,83300,30
2026-08-25T13:44:40+09:00,키뮤어,5903155,스트라이프 다잉 후드 집업_차콜,119000,83300,30
2026-08-25T13:44:40+09:00,키뮤어,5903154,리버서블 와플 후드 집업_멜란지 그레이,139000,125100,10
2026-08-25T13:44:40+09:00,키뮤어,5903153,리버서블 와플 후드 집업_블랙,139000,125100,10
2026-08-25T13:44:40+09:00,키뮤어,5903116,카라드 페이크 레더 자켓_브라운,189000,132300,30
2026-08-25T13:44:40+09:00,키뮤어,5902944,스웨이드 바이커 자켓_블랙,189000,170100,10
2026-08-25T13:44:40+09:00,키뮤어,5864024,(우먼) 코듀로이 팬츠_네이비,69000,48300,30
2026-08-25T13:44:40+09:00,키뮤어,5864023,(우먼) 코듀로이 팬츠_카멜,69000,48300,30
2026-08-25T13:44:40+09:00,키뮤어,5863897,(우먼) 부클 울 하프 코트_네이비,259000,181300,30
2026-08-25T13:44:40+09:00,키뮤어,5863894,(우먼) 부클 울 하프 코트_라이트옐로우,259000,181300,30
2026-08-25T13:44:40+09:00,키뮤어,5857814,(우먼) 컴팩트 카라 하프집업 니트_아이보리,69000,48300,30
2026-08-25T13:44:40+09:00,키뮤어,5586316,스웨이드 무스탕_카멜,219000,153300,30
2026-08-25T13:44:40+09:00,키뮤어,5586317,울 커브드 원턱 와이드 팬츠_블랙,119000,83300,30
2026-08-25T13:44:40+09:00,키뮤어,5578996,[WOOL 80] 울리치 발마칸 로브코트_블랙,259000,181300,30
2026-08-25T13:44:40+09:00,키뮤어,5579009,(우먼) 체크 패턴 숏 패딩 점퍼_네이비,169000,118300,30
2026-08-25T13:44:40+09:00,키뮤어,5579007,(우먼) 스웨이드 숏 패딩 점퍼_아이보리,169000,118300,30
2026-08-25T13:44:40+09:00,키뮤어,5579006,(우먼) 스웨이드 숏 패딩 점퍼_베이지,169000,118300,30
2026-08-25T13:44:40+09:00,키뮤어,5579004,(우먼) 무스탕 하프코트_베이지,219000,219000,0
2026-08-25T13:44:40+09:00,키뮤어,5579002,(우먼) 헤어리 울 자켓_챠콜,269000,188300,30
2026-08-25T13:44:40+09:00,키뮤어,5579011,(우먼) 하이넥 울 롱코트_그레이,299000,209300,30
2026-08-25T13:44:40+09:00,키뮤어,5579010,(우먼) 하이넥 울 롱코트_챠콜,299000,209300,30
2026-08-25T13:44:40+09:00,키뮤어,5573599,(우먼) 캐시미어블렌드 세미오버핏 발마칸 로브코트_챠콜,299000,209300,30
2026-08-25T13:44:40+09:00,키뮤어,5317975,리얼 레더 벨트_블랙,49000,34300,30
2026-08-25T13:44:40+09:00,키뮤어,5317875,ATTITUDES 볼캡_네이비,49000,34300,30
2026-08-25T13:44:40+09:00,키뮤어,5317873,ATTITUDES 볼캡_버건디,49000,34300,30
2026-08-25T13:44:40+09:00,키뮤어,5318122,와이드 커브드 코튼 팬츠_브라운,89000,62300,30
2026-08-25T13:44:40+09:00,키뮤어,5318934,스트라이프 데님 워크 자켓_블랙,179000,161100,10
2026-08-25T13:44:40+09:00,키뮤어,5318960,헤링턴 데님 블루종 자켓_워시드 블랙,179000,125300,30
2026-08-25T13:44:40+09:00,키뮤어,5318961,헤링턴 데님 블루종 자켓_블랙,179000,125300,30
2026-08-25T13:44:40+09:00,키뮤어,5318097,세미 플레어 데님 팬츠_블루,99000,69300,30
2026-08-25T13:44:40+09:00,키뮤어,5318094,스트라이프 커브드 데님 팬츠_블랙,99000,69300,30
2026-08-25T13:44:40+09:00,키뮤어,5318935,리버시블 체크 헤링턴 점퍼_네이비,169000,152100,10
2026-08-25T13:44:40+09:00,키뮤어,5318076,가먼트다잉 세미 플레어 스웻 팬츠_차콜,89000,62300,30
2026-08-25T13:44:40+09:00,키뮤어,5318732,가먼트다잉 버튼 후디_차콜,89000,62300,30
2026-08-25T13:44:40+09:00,키뮤어,5349501,[유튜버 PICK] 플란넬 체크 셔츠_4 COLOR,59000,41300,30
2026-08-25T13:44:40+09:00,키뮤어,5318976,스웨이드 바이커 자켓_브라운,189000,170100,10
2026-08-25T13:44:40+09:00,키뮤어,5318975,스웨이드 바이커 자켓_카멜,189000,170100,10
2026-08-25T13:44:40+09:00,키뮤어,5104525,Respiracion 볼캡_브라운,49000,14700,70
2026-08-25T13:44:40+09:00,키뮤어,5104524,Respiracion 볼캡_차콜,49000,14700,70
2026-08-25T13:44:40+09:00,키뮤어,5104510,(우먼) 플라워 프릴 반팔 티셔츠_그레이,54000,37800,30
2026-08-25T13:44:40+09:00,키뮤어,5027966,체크 하프 셔츠_4 COLOR,64000,32000,50
2026-08-25T13:44:40+09:00,키뮤어,4971439,스트라이프 반팔 티셔츠_브라운,49000,24500,50
2026-08-25T13:44:40+09:00,키뮤어,4971390,(우먼) 스트라이프 반팔 티셔츠_네이비,49000,14700,70
2026-08-25T13:44:40+09:00,키뮤어,4971389,(우먼) 스트라이프 반팔 티셔츠_그린,49000,14700,70
2026-08-25T13:44:40+09:00,키뮤어,4886079,(우먼) 세미와이드 써머 데님 팬츠_블루,69000,20700,70
2026-08-25T13:44:40+09:00,키뮤어,4886077,(우먼) 세미와이드 써머 데님 팬츠_스카이블루,69000,20700,70
2026-08-25T13:44:40+09:00,키뮤어,4886059,(우먼) 써머 세미와이드 린넨 팬츠_블랙,69000,34500,50
2026-08-25T13:44:40+09:00,키뮤어,4886057,(우먼) 써머 세미와이드 린넨 팬츠_카키,69000,34500,50
2026-08-25T13:44:40+09:00,키뮤어,4886055,(우먼) 써머 세미와이드 린넨 팬츠_딥베이지,69000,34500,50
2026-08-25T13:44:40+09:00,키뮤어,4886054,(우먼) 써머 세미와이드 린넨 팬츠_라이트그레이,69000,20700,70
2026-08-25T13:44:40+09:00,키뮤어,4886053,(우먼) 써머 세미와이드 린넨 팬츠_화이트,69000,34500,50
2026-08-25T13:44:40+09:00,키뮤어,4886043,(우먼) 버뮤다 데님 카펜터 쇼츠_스카이블루,69000,20700,70
2026-08-25T13:44:40+09:00,키뮤어,4886041,(우먼) 버뮤다 데님 카펜터 쇼츠_화이트,69000,34500,50
2026-08-25T13:44:40+09:00,키뮤어,4886217,써머 와이드 데님 팬츠_빈티지 블루,54900,27450,50
2026-08-25T13:44:40+09:00,키뮤어,4886212,써머 와이드 데님 팬츠_스카이블루,54900,27450,50
2026-08-25T13:44:40+09:00,키뮤어,4886214,써머 와이드 데님 팬츠_블랙,54900,27450,50
2026-08-25T13:44:40+09:00,키뮤어,4886013,스트라이프 카라 하프 니트_아이보리,49000,24500,50
2026-08-25T13:44:40+09:00,키뮤어,4886010,스트라이프 카라 하프 니트_브라운,49000,24500,50
2026-08-25T13:44:40+09:00,키뮤어,4885999,써머 세미와이드 슬랙스_딥브라운,49000,24500,50
2026-08-25T13:44:40+09:00,키뮤어,4885997,써머 세미와이드 슬랙스_베이지,49000,24500,50
2026-08-25T13:44:40+09:00,키뮤어,4699670,(우먼) 세미와이드 올데이 밴딩 팬츠_6 COLOR,59000,41300,30
2026-08-25T13:44:40+09:00,키뮤어,4699682,빈티지 스트라이프 롱슬리브_차콜,54000,48600,10
2026-08-25T13:44:40+09:00,키뮤어,4699681,빈티지 스트라이프 롱슬리브_네이비,54000,48600,10
2026-08-25T13:44:40+09:00,키뮤어,4699680,(우먼) 하이넥 윈드 브레이커_블랙,99000,69300,30
2026-08-25T13:44:40+09:00,키뮤어,4679272,(우먼) 라인 빅카라 집업_블랙,79000,55300,30
2026-08-25T13:44:40+09:00,키뮤어,4679306,(우먼) 에센셜 브이넥 소프트 니트_4 COLOR,59000,41300,30
2026-08-25T13:44:40+09:00,키뮤어,4679303,(우먼) 레이어드 니트 가디건_그레이,69000,48300,30
2026-08-25T13:44:40+09:00,키뮤어,4679297,(우먼) 스트라이프 스웻셔츠_그레이,79000,55300,30
2026-08-25T13:44:40+09:00,키뮤어,4679379,(우먼) 올데이 카라드 블루종_스카이블루,109000,76300,30
2026-08-25T13:44:40+09:00,키뮤어,4679315,(우먼) 올데이 세미와이드 데님 팬츠_빈티지블루,69000,48300,30
2026-08-25T13:44:40+09:00,키뮤어,4679314,(우먼) 올데이 세미와이드 데님 팬츠_스카이블루,69000,48300,30
2026-08-25T13:44:40+09:00,키뮤어,4679313,(우먼) 올데이 세미와이드 데님 팬츠_화이트,69000,48300,30
2026-08-25T13:44:40+09:00,키뮤어,4679381,(우먼) 올데이 카라드 블루종_네이비,109000,76300,30
2026-08-25T13:44:40+09:00,키뮤어,4679425,[유튜버 PICK] 비건 레더 워크 자켓_블랙,129000,90300,30
2026-08-25T13:44:40+09:00,키뮤어,4679424,빈티지 패치 포켓 데님 워크 자켓_브라운,119000,83300,30
2026-08-25T13:44:40+09:00,키뮤어,4679423,빈티지 패치 포켓 데님 워크 자켓_차콜,119000,83300,30
2026-08-25T13:44:40+09:00,키뮤어,4679417,[유튜버 PICK] 올데이 와이드 데님 팬츠_빈티지블루,49000,34300,30
2026-08-25T13:44:40+09:00,키뮤어,4679403,헨리넥 풀오버 니트_아이보리,49000,34300,30
2026-08-25T13:44:40+09:00,키뮤어,4679224,울(WOOL) 파이핑 바시티 자켓 DS_그레이,159000,111300,30
2026-08-25T13:44:40+09:00,키뮤어,4679228,울(WOOL) 헤링턴 자켓 CF_네이비,159000,111300,30
2026-08-25T13:44:40+09:00,키뮤어,4679225,울(WOOL) 파이핑 바시티 자켓 DS_네이비,159000,111300,30
2026-08-25T13:44:40+09:00,키뮤어,4607086,(우먼) 오버핏 코듀로이 하프 자켓_베이지,139000,97300,30
2026-08-25T13:44:40+09:00,키뮤어,4607052,(우먼) 울 라이크 하이넥 점퍼_2COLOR,149000,104300,30
2026-08-25T13:44:40+09:00,키뮤어,4502352,[WOOL 80] 울리치 더블 피코트_블랙,219000,153300,30
2026-08-25T13:44:40+09:00,키뮤어,4502315,미니멀 울 카라드 자켓_네이비,179000,125300,30
2026-08-25T13:44:40+09:00,키뮤어,4502380,[WOOL 80] 울리치 대디핏 맥코트_샌드,259000,181300,30
2026-08-25T13:44:40+09:00,키뮤어,4502376,[WOOL 80] 울리치 대디핏 맥코트_블랙,259000,181300,30
2026-08-25T13:44:40+09:00,키뮤어,4499777,오버핏 2-WAY 더플 후드 롱패딩_베이지,179000,125300,30
2026-08-25T13:44:40+09:00,키뮤어,4499775,오버핏 2-WAY 더플 후드 롱패딩_블랙,179000,125300,30
2026-08-25T13:44:40+09:00,키뮤어,4499769,[WOOL 80] 울 세미오버핏 발마칸 코트_샌드,259000,181300,30
2026-08-25T13:44:40+09:00,키뮤어,4499475,[WOOL 80] 울리치 발마칸 로브코트_샌드,259000,181300,30
2026-08-25T13:44:40+09:00,키뮤어,4499471,RDS 후디드 다운 점퍼_블랙,189000,132300,30
2026-08-25T13:44:40+09:00,키뮤어,4499468,RDS 헤링턴 다운 점퍼_카키,169000,118300,30
2026-08-25T13:44:40+09:00,키뮤어,4499466,RDS 헤링턴 다운 점퍼_그레이,169000,118300,30
2026-08-25T13:44:40+09:00,키뮤어,4499463,코듀로이 헤링턴 RDS 다운점퍼_블랙,209000,209000,0
2026-08-25T13:44:40+09:00,키뮤어,4499453,벌키 텍스쳐 니트 후드집업_다크 그레이,89000,62300,30
2026-08-25T13:44:40+09:00,키뮤어,4499452,아가일 패턴 니트_네이비,79000,55300,30
2026-08-25T13:44:40+09:00,키뮤어,4499447,벌키 텍스쳐 크루넥 니트_그린,69000,48300,30
2026-08-25T13:44:40+09:00,키뮤어,4499444,벌키 텍스쳐 크루넥 니트_아이보리,69000,48300,30
2026-08-25T13:44:40+09:00,키뮤어,4499416,워시드 코듀로이 팬츠_네이비,69000,48300,30
2026-08-25T13:44:40+09:00,키뮤어,4499414,워시드 코듀로이 팬츠_베이지,69000,48300,30
2026-08-25T13:44:40+09:00,키뮤어,4483353,(우먼) RDS 더플 숏 다운_브라운,159000,111300,30
2026-08-25T13:44:40+09:00,키뮤어,4483352,(우먼) RDS 더플 숏 다운_카키,159000,111300,30
2026-08-25T13:44:40+09:00,키뮤어,4483199,[SET] 베이직 머플러 & 핑거홀 니트 장갑_2 COLOR,78000,54600,30
2026-08-25T13:44:40+09:00,키뮤어,4483101,[WOOL 80] (우먼) 울 세미오버핏 후드 더플 코트_라이트 옐로우,259000,181300,30
2026-08-25T13:44:40+09:00,키뮤어,4483098,[WOOL 80] (우먼) 울 세미오버핏 후드 더플 코트_네이비,259000,181300,30
2026-08-25T13:44:40+09:00,키뮤어,4482716,(우먼) 스카시 카라 니트 집업_베이지,89000,62300,30
2026-08-25T13:44:40+09:00,키뮤어,4482705,(우먼) 노르딕 가디건_네이비,99000,69300,30
2026-08-25T13:44:40+09:00,키뮤어,4482694,(우먼) 노르딕 가디건_아이보리,99000,69300,30
2026-08-25T13:44:40+09:00,키뮤어,4392788,빈티지 코튼 헌팅 워크 자켓_카키,129000,90300,30
2026-08-25T13:44:40+09:00,키뮤어,4392791,코듀로이 헤링턴 점퍼_브라운,139000,97300,30
2026-08-25T13:44:40+09:00,키뮤어,4392787,피치드 코튼 워크 점퍼_블루,129000,90300,30
2026-08-25T13:44:40+09:00,키뮤어,4392786,피치드 코튼 워크 점퍼_차콜,129000,90300,30
2026-08-25T13:44:40+09:00,키뮤어,4392781,빈티지 워크 카펜터 팬츠_카키,69000,48300,30
2026-08-25T13:44:40+09:00,키뮤어,4392780,울(WOOL) 파이핑 바시티 자켓 DW_네이비,159000,111300,30
2026-08-25T13:44:40+09:00,키뮤어,4375427,루즈핏 카라드 자켓_카키 베이지,119000,83300,30
2026-08-25T13:44:40+09:00,키뮤어,4375424,루즈핏 카라드 자켓_네이비,119000,83300,30
2026-08-25T13:44:40+09:00,키뮤어,4375299,가먼트워싱 후드 워크 점퍼_브라운,129000,90300,30
2026-08-25T13:44:40+09:00,키뮤어,4375297,가먼트워싱 후드 워크 점퍼_차콜,129000,90300,30
2026-08-25T13:44:40+09:00,키뮤어,4375262,스트라이프 셔츠_핑크,59000,41300,30
2026-08-25T13:44:40+09:00,키뮤어,4375168,(베이직 or 케이블 선택) 우먼 에센셜 가디건_10 COLOR,69000,48300,30
2026-08-25T13:44:40+09:00,키뮤어,4375110,(우먼) 코듀로이 바이커 자켓_베이지,119000,83300,30
2026-08-25T13:44:40+09:00,키뮤어,4375109,(우먼) 코듀로이 바이커 자켓_카멜,119000,83300,30
2026-08-25T13:44:40+09:00,키뮤어,4375108,(우먼) 코듀로이 바이커 자켓_네이비,119000,83300,30
2026-08-25T13:44:40+09:00,키뮤어,4375059,(우먼) 레이어드 롱슬리브_블랙,39000,27300,30
2026-08-25T13:44:40+09:00,키뮤어,4348837,소프트 텍스쳐 버튼 카라 니트_민트,69000,48300,30
2026-08-25T13:44:40+09:00,키뮤어,4348836,소프트 텍스쳐 버튼 카라 니트_스카이블루,69000,48300,30
2026-08-25T13:44:40+09:00,키뮤어,4348432,빈티지 그래픽 스웻 셔츠_라이트 그레이,59000,41300,30
2026-08-25T13:44:40+09:00,키뮤어,4302220,데님 워크 자켓_블랙,129000,90300,30
2026-08-25T13:44:40+09:00,키뮤어,4302199,데님 워크 자켓_스카이블루,129000,90300,30
2026-08-25T13:44:40+09:00,키뮤어,4302164,워셔블 케이블니트 하프집업_6 COLOR,69000,48300,30
2026-08-25T13:44:40+09:00,키뮤어,4302070,[빈티지 OR 크리즈] 체크 셔츠_6COLOR,59000,41300,30
2026-08-25T13:44:40+09:00,키뮤어,4302062,피그먼트 ACTUS 후디_차콜,79000,55300,30
2026-08-25T13:44:40+09:00,키뮤어,4302061,피그먼트 ACTUS 후디_카키,79000,55300,30
2026-08-25T13:44:40+09:00,키뮤어,4302058,피그먼트 ACTUS 후디_페일 핑크,79000,55300,30
2026-08-25T13:44:40+09:00,키뮤어,4301697,[유튜버 PICK] 빈티지 워크 자켓_카키,129000,90300,30
2026-08-25T13:44:40+09:00,키뮤어,4301692,[유튜버 PICK] 빈티지 워크 자켓_네이비,129000,90300,30
2026-08-25T13:44:40+09:00,키뮤어,4301120,[유튜버 PICK] 가먼트워싱 카펜터 팬츠_차콜,59000,41300,30
2026-08-25T13:44:40+09:00,키뮤어,4301245,옴브레 체크 셔츠_3 COLOR,59000,41300,30
2026-08-25T13:44:40+09:00,키뮤어,4301494,커브드 오버핏 빅카라 집업 (피그먼트 ver.)_네이비,79000,55300,30
2026-08-25T13:44:40+09:00,키뮤어,4301498,커브드 오버핏 빅카라 집업 (피그먼트 ver.)_차콜,79000,55300,30
2026-08-25T13:44:40+09:00,키뮤어,4079344,사이드 슬릿 스윔 쇼츠_2 COLOR,49000,14700,70
2026-08-25T13:44:40+09:00,키뮤어,4079345,코튼 파라슈트 카펜터 쇼츠_2 COLOR,59000,17700,70
2026-08-25T13:44:40+09:00,키뮤어,4079358,원 턱 나일론 카고 쇼츠_4 COLOR,49000,24500,50
2026-08-25T13:44:40+09:00,키뮤어,4079375,원 턱 코튼 립스탑 카펜터 쇼츠_2 COLOR,49000,24500,50
2026-08-25T13:44:40+09:00,키뮤어,4094500,레이스 반팔 셔츠_2 COLOR,89000,44500,50
2026-08-25T13:44:40+09:00,키뮤어,4075971,가먼트다잉 카라 하프 니트_4 COLOR,69000,34500,50
2026-08-25T13:44:40+09:00,키뮤어,4073892,(우먼) 레이어드 반팔 티셔츠_6 COLOR,39000,19500,50
2026-08-25T13:44:40+09:00,키뮤어,4075973,피그먼트 반팔 티셔츠_5 COLOR,39000,19500,50
2026-08-25T13:44:40+09:00,키뮤어,4062254,COOL 써머 와이드 팬츠 2종,49000,24500,50
2026-08-25T13:44:40+09:00,키뮤어,4041818,스트라이프 스트링 카라드 탑_그레이,59000,29500,50
2026-08-25T13:44:40+09:00,키뮤어,4041752,코튼 워시드 하프 셔츠_그린,59000,29500,50
2026-08-25T13:44:40+09:00,키뮤어,4041750,코튼 워시드 하프 셔츠_웜그레이,59000,29500,50
2026-08-25T13:44:40+09:00,키뮤어,3974619,하프집업 반팔 니트_그레이쉬 블루,69000,20700,70
2026-08-25T13:44:40+09:00,키뮤어,3974618,하프집업 반팔 니트_아이보리,69000,20700,70
2026-08-25T13:44:40+09:00,키뮤어,3974617,하프집업 반팔 니트_올리브 카키,69000,20700,70
2026-08-25T13:44:40+09:00,키뮤어,3974616,이중우수 오픈카라 하프 니트_블루,69000,48300,30
2026-08-25T13:44:40+09:00,키뮤어,3974615,이중우수 오픈카라 하프 니트_버터,69000,48300,30
2026-08-25T13:44:40+09:00,키뮤어,3974614,(맨즈) 크롭핏 반팔 티셔츠_블랙,49000,14700,70
2026-08-25T13:44:40+09:00,키뮤어,3974613,(맨즈) 크롭핏 반팔 티셔츠_화이트,49000,14700,70
2026-08-25T13:44:40+09:00,키뮤어,3974606,크로셰 반팔 가디건_아이보리,79000,23700,70
2026-08-25T13:44:40+09:00,키뮤어,3974605,파라슈트 버뮤다 스웻 쇼츠_블랙,69000,20700,70
2026-08-25T13:44:40+09:00,키뮤어,3974604,파라슈트 버뮤다 스웻 쇼츠_다크 그레이,69000,20700,70
2026-08-25T13:44:40+09:00,키뮤어,3974603,파라슈트 버뮤다 스웻 쇼츠_오트밀,69000,20700,70
2026-08-25T13:44:40+09:00,키뮤어,3974598,디스트로이드 데님 팬츠_블랙,99000,29700,70
2026-08-25T13:44:40+09:00,키뮤어,3974595,디스트로이드 데님 팬츠_블루,99000,49500,50
2026-08-25T13:44:40+09:00,키뮤어,3976597,버뮤다 데님 카고 쇼츠_4 COLOR,59000,29500,50
2026-08-25T13:44:40+09:00,키뮤어,3976540,린넨 체크 웨스턴 라인 반팔 셔츠_블루,69000,34500,50
2026-08-25T13:44:40+09:00,키뮤어,3976539,린넨 체크 웨스턴 라인 반팔 셔츠_네이비,69000,34500,50
2026-08-25T13:44:40+09:00,키뮤어,3974563,하찌 티에리 하프 니트_5 COLOR,49000,14700,70
2026-08-25T13:44:40+09:00,키뮤어,3974560,하찌 라운드 하프 니트_5 COLOR,49000,14700,70
2026-08-25T13:44:40+09:00,키뮤어,3974304,(우먼) 디스트로이드 데님 팬츠_블루,99000,29700,70
2026-08-25T13:44:40+09:00,키뮤어,3974530,(우먼) 스카시 브이넥 반팔 니트_레드,59000,17700,70
2026-08-25T13:44:40+09:00,키뮤어,3974526,(우먼) 리브드 컷앤소 반팔 티셔츠_블랙,49000,34300,30
2026-08-25T13:44:40+09:00,키뮤어,3974525,(우먼) 리브드 컷앤소 반팔 티셔츠_화이트,49000,34300,30
2026-08-25T13:44:40+09:00,키뮤어,3974500,(우먼) 워시드 크롭 반팔 티셔츠_스카이 블루,49000,34300,30
2026-08-25T13:44:40+09:00,키뮤어,3974499,(우먼) 워시드 크롭 반팔 티셔츠_블랙,49000,34300,30
2026-08-25T13:44:40+09:00,키뮤어,3974497,(우먼) 워시드 크롭 반팔 티셔츠_화이트,49000,34300,30
2026-08-25T13:44:40+09:00,키뮤어,3974489,(우먼) 스카시 카라 반팔 가디건_블랙,69000,48300,30
2026-08-25T13:44:40+09:00,키뮤어,3974488,(우먼) 스카시 카라 반팔 가디건_아이보리,69000,48300,30
2026-08-25T13:44:40+09:00,키뮤어,3974355,(우먼) 데님 뷔스티에_블루,69000,20700,70
2026-08-25T13:44:40+09:00,키뮤어,3974353,(우먼) 데님 뷔스티에_그레이,69000,20700,70
2026-08-25T13:44:40+09:00,키뮤어,3974315,(우먼) 로우컷 데님 버뮤다 쇼츠_스카이 블루,59000,41300,30
2026-08-25T13:44:40+09:00,키뮤어,3974544,(우먼) 코튼 오픈카라 케이블 하프 니트_베이지,49000,34300,30
2026-08-25T13:44:40+09:00,키뮤어,3974542,(우먼) 코튼 오픈카라 케이블 하프 니트_블랙,49000,34300,30
2026-08-25T13:44:40+09:00,키뮤어,3974539,(우먼) 코튼 오픈카라 케이블 하프 니트_스카이 블루,49000,34300,30
2026-08-25T13:44:40+09:00,키뮤어,3974536,(우먼) 코튼 라운드 케이블 하프 니트_베이지,49000,34300,30
2026-08-25T13:44:40+09:00,키뮤어,3974535,(우먼) 코튼 라운드 케이블 하프 니트_블랙,49000,34300,30
2026-08-25T13:44:40+09:00,키뮤어,3974534,(우먼) 코튼 라운드 케이블 하프 니트_스카이 블루,49000,34300,30
2026-08-25T13:44:40+09:00,키뮤어,3974531,(우먼) 스카시 브이넥 반팔 니트_아이보리,59000,41300,30
2026-08-25T13:44:40+09:00,키뮤어,3968452,레이스 카라드 자켓_블랙,139000,69500,50
2026-08-25T13:44:40+09:00,키뮤어,3968456,카라 반팔 가디건_3COLOR,69000,48300,30
2026-08-25T13:44:40+09:00,키뮤어,3968466,코튼 오픈카라 케이블 하프 니트_5 COLOR,49000,14700,70
2026-08-25T13:44:40+09:00,키뮤어,3832795,[수피마 코튼] 컴포트 셔츠_4 COLOR,59000,41300,30
2026-08-25T13:44:40+09:00,키뮤어,3832494,(우먼) 워시드 데님 카고 팬츠_스카이 블루,89000,62300,30
2026-08-25T13:44:40+09:00,키뮤어,3832548,(우먼) 파라슈트 스트링 카고 팬츠_화이트,89000,62300,30
2026-08-25T13:44:40+09:00,키뮤어,3832551,(우먼) 파라슈트 스트링 카고 팬츠_브라운,89000,62300,30
2026-08-25T13:44:40+09:00,키뮤어,3832563,(우먼) 스트링 카고 스커트_차콜,69000,48300,30
2026-08-25T13:44:40+09:00,키뮤어,3832575,투턱 나일론 와이드 팬츠_라이트 그레이,69000,48300,30
2026-08-25T13:44:40+09:00,키뮤어,3832591,[S/S 프레젠테이션] 세미 와이드 파라슈트 데님 팬츠_블루,79000,55300,30
2026-08-25T13:44:40+09:00,키뮤어,3832594,세미 와이드 파라슈트 데님 팬츠_스카이 블루,79000,55300,30
2026-08-25T13:44:40+09:00,키뮤어,3832628,세미 플레어 데님 팬츠_블랙,79000,55300,30
2026-08-25T13:44:40+09:00,키뮤어,3832663,라인 워시드 루즈핏 데님 팬츠_블루,79000,55300,30
2026-08-25T13:44:40+09:00,키뮤어,3832683,오픈 카라 실키 셔츠_베이지,59000,41300,30
2026-08-25T13:44:40+09:00,키뮤어,3832703,(우먼) 2-WAY 코튼 셔츠 자켓_화이트,89000,62300,30
2026-08-25T13:44:40+09:00,키뮤어,3794839,[S/S 프레젠테이션] 윈드브레이커 4종,79000,55300,30
2026-08-25T13:44:40+09:00,키뮤어,3794566,(우먼) 유틸리티 2-WAY 크롭 자켓_브라운,109000,76300,30
2026-08-25T13:44:40+09:00,키뮤어,3794581,왁스 패디드 숏 베스트_차콜,109000,76300,30
2026-08-25T13:44:40+09:00,키뮤어,3794784,헤비 옥스퍼드 자켓_스카이 블루,139000,97300,30
2026-08-25T13:44:40+09:00,키뮤어,3794783,헤비 옥스퍼드 자켓_베이지,139000,97300,30
2026-08-25T13:44:40+09:00,키뮤어,3794826,빅포켓 투웨이 워싱 데님 자켓_블루,139000,97300,30
2026-08-25T13:44:40+09:00,키뮤어,3792814,테리 부클 카라 니트_블랙,69000,48300,30
2026-08-25T13:44:40+09:00,키뮤어,3792817,스트라이프 투톤 멀티 크루넥 니트_스위트 메론,69000,48300,30
2026-08-25T13:44:40+09:00,키뮤어,3792818,스트라이프 투톤 멀티 크루넥 니트_스카이 블루,69000,48300,30
2026-08-25T13:44:40+09:00,키뮤어,3792837,럭비 카라드 맨투맨_네이비,69000,48300,30
2026-08-25T13:44:40+09:00,키뮤어,3792838,럭비 카라드 맨투맨_오트밀,69000,48300,30
2026-08-25T13:44:40+09:00,키뮤어,3792845,릴렉스드 세미 크롭 맨투맨_오트밀,69000,48300,30
2026-08-25T13:44:40+09:00,키뮤어,3794545,퓨어코튼 워셔블 크루넥 니트_7 COLOR,59000,41300,30
2026-08-25T13:44:40+09:00,키뮤어,3792850,코튼 린넨 멀티컬러 크루넥 니트_2 COLOR,59000,41300,30
2026-08-25T13:44:40+09:00,키뮤어,3783417,(우먼) 피그먼트 트레이닝 팬츠_차콜,79000,55300,30
2026-08-25T13:44:40+09:00,키뮤어,3787863,왁스 패디드 숏 봄버 자켓_카키,159000,111300,30
2026-08-25T13:44:40+09:00,키뮤어,3787862,왁스 패디드 숏 봄버 자켓_차콜,159000,111300,30
2026-08-25T13:44:40+09:00,키뮤어,3787857,텍스쳐 오픈카라 숏 자켓_차콜,109000,76300,30
2026-08-25T13:44:40+09:00,키뮤어,3787856,텍스쳐 오픈카라 숏 자켓_브라운,109000,76300,30
2026-08-25T13:44:40+09:00,키뮤어,3783486,트랙 트레이닝 팬츠_블랙,69000,48300,30
2026-08-25T13:44:40+09:00,키뮤어,3644569,코튼 워셔블 하찌 2-WAY 후드집업 니트,89000,62300,30
2026-08-25T13:44:40+09:00,키뮤어,3633712,울(WOOL) 파이핑 바시티 자켓 CS_네이비,159000,111300,30
2026-08-25T13:44:40+09:00,키뮤어,3591866,알파카 울(WOOL) 2-WAY 바시티 자켓_브라운,199000,139300,30
2026-08-25T13:44:40+09:00,키뮤어,3585220,코듀로이 헤링턴 RDS 다운점퍼_카멜,209000,209000,0
2026-08-25T13:44:40+09:00,키뮤어,3585216,(덕 다운) 벌룬 플라켓 다운 점퍼_3COLOR,189000,132300,30
2026-08-25T13:44:40+09:00,키뮤어,3585225,코듀로이 헤링턴 RDS 다운점퍼_네이비,209000,209000,0
2026-08-25T13:44:40+09:00,키뮤어,3585098,[WOOL 80] 울 세미오버핏 더플 코트_네이비,259000,181300,30
2026-08-25T13:44:40+09:00,키뮤어,3584988,(우먼) 서플러스 대디핏 울(WOOL) 싱글 맥시 코트_클라우드 크림,209000,146300,30
2026-08-25T13:44:40+09:00,키뮤어,3585055,서플러스 울(WOOL) 대디핏 더블 맥시 코트_키위,209000,146300,30
2026-08-25T13:44:40+09:00,키뮤어,3585106,부클 울(WOOL) 세미오버 발마칸 코트_카멜,249000,174300,30
2026-08-25T13:44:40+09:00,키뮤어,3546632,부클 울(WOOL) 카라 가디건_3 COLOR,89000,62300,30
2026-08-25T13:44:40+09:00,키뮤어,3487865,부클 울(WOOL) 2-WAY 바이커 자켓_키위,179000,125300,30
2026-08-25T13:44:40+09:00,키뮤어,3546634,부클 테일 크루넥 니트_3 COLOR,89000,62300,30
2026-08-25T13:44:40+09:00,키뮤어,3546641,(4 COLOR) 소프트 헤어리 카라 니트,99000,69300,30
2026-08-25T13:44:40+09:00,키뮤어,3487837,(4 COLOR) 2-WAY 릴렉스드 패디드 바이커 점퍼,109000,76300,30
2026-08-25T13:44:40+09:00,키뮤어,3487724,패디드 셔츠 자켓_2 COLOR,89000,62300,30
2026-08-25T13:44:40+09:00,키뮤어,3487909,울(WOOL) 파이핑 바시티 자켓 CF_그레이,159000,111300,30
2026-08-25T13:44:40+09:00,키뮤어,3466534,빈티지 워싱 코튼 코듀로이 바이커 자켓_카멜,119000,83300,30
2026-08-25T13:44:40+09:00,키뮤어,3466527,[코튼100 고밀도] 코듀로이 테이퍼드 팬츠_3 COLOR,59000,41300,30
2026-08-25T13:44:40+09:00,키뮤어,3466009,(우먼) 울(WOOL) 버튼 포인트 니트_핑크,69000,48300,30
2026-08-25T13:44:40+09:00,키뮤어,3466030,(우먼) 울(WOOL) 네프사 크롭 크루넥 니트_핑크,79000,55300,30
2026-08-25T13:44:40+09:00,키뮤어,3466034,(우먼) 울(WOOL) 네프사 크롭 크루넥 니트_그레이,79000,55300,30
2026-08-25T13:44:40+09:00,키뮤어,3466050,(우먼) 배색 2-WAY 후드 집업 니트_브라운,89000,62300,30
2026-08-25T13:44:40+09:00,키뮤어,3466060,[세트] (우먼) 투톤 슬리브리스 볼레로 니트 가디건_카키,119000,83300,30
2026-08-25T13:44:40+09:00,키뮤어,3466066,(우먼) (5 COLOR) 슬림핏 투톤(two-tone) 니트,69000,48300,30
2026-08-25T13:44:40+09:00,키뮤어,3466541,빈티지 워싱 데님 바이커 자켓_4 color,109000,76300,30
2026-08-25T13:44:40+09:00,키뮤어,3466549,2-WAY 릴렉스드 헤링턴 자켓_4 color,119000,83300,30
2026-08-25T13:44:40+09:00,키뮤어,3465167,울(WOOL) 네프사 크루넥 니트_3 COLOR,79000,55300,30
2026-08-25T13:44:40+09:00,키뮤어,3465169,(6 COLOR) 소프트 울(WOOL) 카라 니트,79000,55300,30
2026-08-25T13:44:40+09:00,키뮤어,3434427,그리너리 러그_옐로우,54000,37800,30
2026-08-25T13:44:40+09:00,키뮤어,3434431,그리너리 러그_블루,54000,37800,30
2026-08-25T13:44:40+09:00,키뮤어,3434500,레터링 그래픽 맨투맨_멜란지 그레이,59000,41300,30
2026-08-25T13:44:40+09:00,키뮤어,3448098,딥 원턱 나일론 카고 팬츠_5 COLOR,59000,41300,30
2026-08-25T13:44:40+09:00,키뮤어,3434506,레터링 그래픽 후드_멜란지 그레이,69000,48300,30
2026-08-25T13:44:40+09:00,키뮤어,3434507,레터링 그래픽 후드_네이비,69000,48300,30
2026-08-25T13:44:40+09:00,키뮤어,3434441,레터링 코듀로이 볼캡_라이트그레이,39000,27300,30
2026-08-25T13:44:40+09:00,키뮤어,3434464,부클 플라워 맨투맨_2 COLOR,59000,41300,30
2026-08-25T13:44:40+09:00,키뮤어,3180141,원턱 테이퍼드 스웨트 버뮤다 팬츠_그레이,44000,13200,70
2026-08-25T13:44:40+09:00,키뮤어,3180142,원턱 테이퍼드 스웨트 버뮤다 팬츠_블랙,44000,22000,50
2026-08-25T13:44:40+09:00,키뮤어,3180168,나일론 딥 원턱 버뮤다 밴딩 팬츠_4 COLOR,39000,19500,50
2026-08-25T13:44:40+09:00,키뮤어,3180132,블루밍 플라워 코튼 볼캡_블랙,39000,19500,50
2026-08-25T13:44:40+09:00,키뮤어,3180131,블루밍 플라워 코튼 볼캡_스카이 블루,39000,19500,50
2026-08-25T13:44:40+09:00,키뮤어,3162672,부클 오버핏 니트 베스트_크림,49000,14700,70
2026-08-25T13:44:40+09:00,키뮤어,3162739,써머 드로잉 플라워 쇼츠_그레이,39000,11700,70
2026-08-25T13:44:40+09:00,키뮤어,3162740,써머 드로잉 플라워 반팔 크루넥_멜란지 그레이,44000,30800,30
2026-08-25T13:44:40+09:00,키뮤어,3162741,써머 드로잉 플라워 쇼츠_멜란지 그레이,39000,11700,70
2026-08-25T13:44:40+09:00,키뮤어,3138551,린넨라이크 세미와이드 밴딩 팬츠_4 COLOR,44000,13200,70
2026-08-25T13:44:40+09:00,키뮤어,3143666,스카시 티에리 니트_아이보리,59000,17700,70
2026-08-25T13:44:40+09:00,키뮤어,3143690,스카시 티에리 니트_민트,59000,41300,30
2026-08-25T13:44:40+09:00,키뮤어,3143780,소프트 부클 카라 단추 가디건_베이지,69000,20700,70
2026-08-25T13:44:40+09:00,키뮤어,3143778,소프트 부클 카라 단추 가디건_그레이,69000,20700,70
2026-08-25T13:44:40+09:00,키뮤어,3143783,소프트 부클 오픈 카라 니트_5 COLOR,59000,17700,70
2026-08-25T13:44:40+09:00,키뮤어,3143786,(카라 OR 라운드) 린넨라이크 하프 니트 2종,39000,11700,70
2026-08-25T13:44:40+09:00,키뮤어,3143788,(카라 OR 라운드) 케이블 하프 니트 2종,49000,14700,70
2026-08-25T13:44:40+09:00,키뮤어,3051496,코튼 메쉬드 크루넥 니트_3 COLOR,69000,48300,30
2026-08-25T13:44:40+09:00,키뮤어,3046702,커브드 오버핏 빅카라 집업_그레이,79000,55300,30
2026-08-25T13:44:40+09:00,키뮤어,3032887,빅 플라워 트레이닝 팬츠_멜란지 그레이,49000,34300,30
2026-08-25T13:44:40+09:00,키뮤어,3032918,드로잉 플라워 트레이닝 팬츠_멜란지 그레이,49000,34300,30
2026-08-25T13:44:40+09:00,키뮤어,2996686,울(WOOL) 헤링턴 자켓_네이비,159000,111300,30
2026-08-25T13:44:40+09:00,키뮤어,2996683,울(WOOL) 헤링턴 자켓_블랙,189000,170100,10
2026-08-25T13:44:40+09:00,키뮤어,3012017,더블 카라 크루넥 니트_3 COLOR,69000,48300,30
2026-08-25T13:44:40+09:00,키뮤어,3012020,스카시 2-WAY 집업니트 가디건_레프리콘 그린,79000,55300,30
2026-08-25T13:44:40+09:00,키뮤어,2834585,오버핏 2-WAY 더플 후드 숏패딩_카키,139000,97300,30
2026-08-25T13:44:40+09:00,키뮤어,2834589,오버핏 2-WAY 더플 롱패딩_카키,169000,118300,30
2026-08-25T13:44:40+09:00,키뮤어,2834587,오버핏 2-WAY 더플 롱패딩_블랙,169000,118300,30
2026-08-25T13:44:40+09:00,키뮤어,2784662,서플러스 울(WOOL) 세미오버 발마칸 코트_브라운,209000,146300,30
2026-08-25T13:44:40+09:00,키뮤어,2752809,울(WOOL) 바시티 자켓_네이비,159000,111300,30
2026-08-25T13:44:40+09:00,키뮤어,2702397,워셔블 하찌 벌키 크루넥 니트_8 COLOR,59000,41300,30
2026-08-25T13:44:40+09:00,키뮤어,2441851,버뮤다 데님 하프 팬츠 2종,49000,14700,70
2026-08-25T13:44:40+09:00,키뮤어,2293882,플라워 로고 투웨이 스트링 후드집업_멜란지그레이,69000,48300,30
2026-08-25T13:44:40+09:00,키뮤어,2156295,캐시미어블렌드 세미오버핏 발마칸 코트_블랙,299000,209300,30
2026-08-25T13:44:40+09:00,키뮤어,2156373,[WOOL 80] 울 세미오버핏 발마칸 코트_네이비,259000,181300,30
2026-08-25T13:44:40+09:00,키뮤어,2156653,쉘블록 2-WAY 플랩 숏패딩_라이트베이지,109000,76300,30
2026-08-25T13:44:40+09:00,키뮤어,2057860,헤비웨이트 투턱 스트링 스웨트팬츠_그레이,59000,41300,30
2026-08-25T13:44:40+09:00,키뮤어,3324453,레더 배색 스프링 울 카라 블루종_블랙,159000,111300,30
2026-08-25T13:44:46+09:00,트릴리온,7003262,코듀로이 프렌치 워크 자켓_4color,85000,59800,30
2026-08-25T13:44:46+09:00,트릴리온,6976462,[6.5CM UP] 논슬립 러기드 스웨이드 뮬_블랙,96000,49990,48
2026-08-25T13:44:46+09:00,트릴리온,6976459,[6.5CM UP] 논슬립 러기드 스웨이드 뮬_브라운,96000,59000,39
2026-08-25T13:44:46+09:00,트릴리온,6970677,[논페이드] 12oz TYPE 1 데님 트러커 자켓_블랙,78000,54800,30
2026-08-25T13:44:46+09:00,트릴리온,6970676,[논페이드] 12oz TYPE 1 데님 트러커 자켓_인디고,78000,54800,30
2026-08-25T13:44:46+09:00,트릴리온,6970667,[논페이드] 커브드 로우 다트 데님 팬츠_블랙,65000,39000,40
2026-08-25T13:44:46+09:00,트릴리온,6970666,[논페이드] 커브드 로우 다트 데님 팬츠_인디고,65000,39000,40
2026-08-25T13:44:46+09:00,트릴리온,6970665,세미 와이드 릴렉스 데님 팬츠_5color,50000,34900,30
2026-08-25T13:44:46+09:00,트릴리온,6970664,에센셜 CP 원턱 스웨트 팬츠_3color,43000,29900,30
2026-08-25T13:44:46+09:00,트릴리온,6970661,워시드 절개 코튼 카고 팬츠_3color,50000,39900,20
2026-08-25T13:44:46+09:00,트릴리온,6970660,에센셜 피그먼트 스냅 크롭 후디_5color,58000,39800,31
2026-08-25T13:44:46+09:00,트릴리온,6970646,플라넬 원포켓 체크 셔츠_3color,58000,39900,31
2026-08-25T13:44:46+09:00,트릴리온,6970391,50’s 워시드 크롭 트러커 자켓_3color,78000,54900,30
2026-08-25T13:44:46+09:00,트릴리온,7074145,커버 스티치 피그먼트 맨투맨_4color,52000,36990,29
2026-08-25T13:44:46+09:00,트릴리온,7003216,체크 패턴 후드 집업 윈드브레이커_3color,65000,43990,32
2026-08-25T13:44:46+09:00,트릴리온,6970489,빈티지 워시드 크롭 해링턴 자켓_4color,94000,67800,28
2026-08-25T13:44:46+09:00,트릴리온,6970137,빈티지 우드 버튼 데님 긴팔 셔츠_4color,58000,39800,31
2026-08-25T13:44:46+09:00,트릴리온,6970063,빈티지 워싱 데님 카라 ST 긴팔 셔츠_블랙,52000,35990,31
2026-08-25T13:44:46+09:00,트릴리온,6970035,빈티지 워싱 데님 카라 ST 긴팔 셔츠_브라운,52000,39900,23
2026-08-25T13:44:46+09:00,트릴리온,6969629,피그먼트 크롭 레글런 헨리넥 롱 슬리브_3color,58000,39800,31
2026-08-25T13:44:46+09:00,트릴리온,6969596,워시드 파라슈트 밴딩 카고 팬츠_3color,50000,39900,20
2026-08-25T13:44:46+09:00,트릴리온,6969560,커브드 절개 와이드 밴딩 슬랙스_블랙,57000,36990,35
2026-08-25T13:44:46+09:00,트릴리온,6969530,커브드 절개 와이드 밴딩 슬랙스_브라운,57000,39900,30
2026-08-25T13:44:46+09:00,트릴리온,6969458,에센셜 스트레이트 코튼 치노 팬츠_3color,50000,34990,30
2026-08-25T13:44:46+09:00,트릴리온,7061981,레이어드 슬럽 헨리넥 롱 슬리브_4color,58000,39800,31
2026-08-25T13:44:46+09:00,트릴리온,6970704,코듀로이 카라 데님 집업 워크 자켓_6color,75000,59000,21
2026-08-25T13:44:46+09:00,트릴리온,7003256,에센셜 CP 백컷 세미크롭 후드 집업_3color,50000,37900,24
2026-08-25T13:44:46+09:00,트릴리온,6970675,[2-WAY] 하이넥 고프코어 윈드브레이커_4color,80000,54900,31
2026-08-25T13:44:46+09:00,트릴리온,6968252,시티 유틸리티 체크 후드 윈드브레이커_3color,80000,54900,31
2026-08-25T13:44:46+09:00,트릴리온,6948481,[기획] 에센셜 CP 이중지 크롭 긴팔티_7color,39000,23900,39
2026-08-25T13:44:46+09:00,트릴리온,6948464,에센셜 페이퍼 크롭 셔츠_4color,57000,34990,39
2026-08-25T13:44:46+09:00,트릴리온,6948430,멀티 카고 세미 와이드 코튼 팬츠_3color,50000,34900,30
2026-08-25T13:44:46+09:00,트릴리온,6948355,롤업 데님 토트 백_블랙 [논페이드],45000,25900,42
2026-08-25T13:44:46+09:00,트릴리온,6948316,롤업 데님 토트 백_인디고 [논페이드],45000,25900,42
2026-08-25T13:44:46+09:00,트릴리온,6948195,빈티지 레더 택 키링_블랙,36000,13990,61
2026-08-25T13:44:46+09:00,트릴리온,6547514,유틸리티 벨트 멀티 카고 쇼츠_4color,50000,19990,60
2026-08-25T13:44:46+09:00,트릴리온,6425818,롤업 원포켓 헨리넥 반팔 티셔츠_4color,38000,29800,22
2026-08-25T13:44:46+09:00,트릴리온,6425684,럭비 코튼 카라 오버핏 반팔 티셔츠_4color,38000,29900,21
2026-08-25T13:44:46+09:00,트릴리온,6425530,웨스턴 백포켓 데님 쇼츠_4color,40000,9990,75
2026-08-25T13:44:46+09:00,트릴리온,6425408,니캡 다트 버뮤다 데님 쇼츠_3color,45000,17740,61
2026-08-25T13:44:46+09:00,트릴리온,6425131,카모 버뮤다 코튼 쇼츠_2color,50000,19990,60
2026-08-25T13:44:46+09:00,트릴리온,6424872,원턱 밴딩 와이드 린넨 쇼츠_4color,40000,13990,65
2026-08-25T13:44:46+09:00,트릴리온,6424586,원턱 버뮤다 스웨트 쇼츠_2color,39000,26900,31
2026-08-25T13:44:46+09:00,트릴리온,6307599,내츄럴 리조트 롤업 하프 셔츠_3color,48000,34800,28
2026-08-25T13:44:46+09:00,트릴리온,6307594,피그먼트 오버로크 패치 피케 반팔 티셔츠_3color,50000,19990,60
2026-08-25T13:44:46+09:00,트릴리온,6307590,크랙 그래픽 피그먼트 반팔 티셔츠_4color,39000,29800,24
2026-08-25T13:44:46+09:00,트릴리온,6307587,피그먼트 워싱 씬 스트라이프 반팔 티셔츠_3color,54000,17290,68
2026-08-25T13:44:46+09:00,트릴리온,6307580,스트라이프 링 스냅 헨리넥 하프 슬리브_3color,42000,29000,31
2026-08-25T13:44:46+09:00,트릴리온,6307574,그래픽 링거 반팔 티셔츠_3color,37000,27800,25
2026-08-25T13:44:46+09:00,트릴리온,6307570,리브드 링 스냅 헨리넥 반팔 티셔츠_3color,39800,29800,25
2026-08-25T13:44:46+09:00,트릴리온,6307563,배색 포켓 레글런 헨리넥 반팔 티셔츠_블랙,48000,33800,30
2026-08-25T13:44:46+09:00,트릴리온,6307561,배색 포켓 레글런 헨리넥 반팔 티셔츠_브라운,48000,9900,79
2026-08-25T13:44:46+09:00,트릴리온,6307557,배색 포켓 레글런 헨리넥 반팔 티셔츠_네이비,48000,33800,30
2026-08-25T13:44:46+09:00,트릴리온,6307547,스톤 워싱 워크 패치 버뮤다 쇼츠_3color,50000,33900,32
2026-08-25T13:44:46+09:00,트릴리온,6307544,유틸리티 더블 카고 나일론 버뮤다 쇼츠_2color,50000,39800,20
2026-08-25T13:44:46+09:00,트릴리온,6307542,캣 브러쉬 그래픽 버뮤다 데님 쇼츠_3color,45000,34900,22
2026-08-25T13:44:46+09:00,트릴리온,6307532,린넨 사이드 패널 커브드 팬츠_블랙,60000,49000,18
2026-08-25T13:44:46+09:00,트릴리온,6307390,커버 스티치 피그먼트 반팔티_6color,40000,27900,30
2026-08-25T13:44:46+09:00,트릴리온,6287145,(카라/헨리넥) 워셔블 데일리 반팔 니트_8color,50000,34900,30
2026-08-25T13:44:46+09:00,트릴리온,6287134,와펜 헨리넥 그래픽 반팔티_블랙,50000,37800,24
2026-08-25T13:44:46+09:00,트릴리온,6287133,와펜 헨리넥 그래픽 반팔티_차콜,50000,17490,65
2026-08-25T13:44:46+09:00,트릴리온,6287132,린넨 스트라이프 세미 크롭 하프 셔츠_3color,53000,39800,25
2026-08-25T13:44:46+09:00,트릴리온,6287125,워시드 코튼 워크 버뮤다 팬츠_3color,52000,33990,35
2026-08-25T13:44:46+09:00,트릴리온,6287121,롤업 생지 데님 버뮤다 팬츠_블랙,50000,33990,32
2026-08-25T13:44:46+09:00,트릴리온,6287119,롤업 생지 데님 버뮤다 팬츠_인디고,50000,39800,20
2026-08-25T13:44:46+09:00,트릴리온,6287116,트랙 라인 스웨트 버뮤다 쇼츠_3color,50000,33800,32
2026-08-25T13:44:46+09:00,트릴리온,6287108,(여름원단) 커브드 절개 스웨트 팬츠_3color,50000,34900,30
2026-08-25T13:44:46+09:00,트릴리온,6176174,스케이트보드 피그먼트 그래픽 반팔 티셔츠_9color,39000,20040,49
2026-08-25T13:44:46+09:00,트릴리온,6176132,락 펑크 밴드 피그먼트 그래픽 반팔 티셔츠_4color,36000,11990,67
2026-08-25T13:44:46+09:00,트릴리온,6271181,[일체형] 브이넥 레이어드 와플 반팔티_3color,53000,17340,67
2026-08-25T13:44:46+09:00,트릴리온,6271178,에센셜 와플 크롭 반팔티_5color,36000,24900,31
2026-08-25T13:44:46+09:00,트릴리온,6271170,체크 투포켓 패치 반팔 셔츠_3color,50000,34800,30
2026-08-25T13:44:46+09:00,트릴리온,6271095,레더 패치 데님 카라 럭비 반팔_블랙,48000,29990,38
2026-08-25T13:44:46+09:00,트릴리온,6271089,레더 패치 데님 카라 럭비 반팔_네이비,48000,33800,30
2026-08-25T13:44:46+09:00,트릴리온,6271077,레더 패치 데님 카라 럭비 반팔_멜란지 그레이,48000,33800,30
2026-08-25T13:44:46+09:00,트릴리온,6271057,워셔블 리조트 케이블 카라 반팔 니트_네이비,49000,33900,31
2026-08-25T13:44:46+09:00,트릴리온,6271052,워셔블 리조트 케이블 카라 반팔 니트_브라운,49000,33900,31
2026-08-25T13:44:46+09:00,트릴리온,6271049,워셔블 리조트 케이블 카라 반팔 니트_아이보리,49000,14990,69
2026-08-25T13:44:46+09:00,트릴리온,6270910,파인애플 헨리넥 반팔 니트_네이비,52000,34900,33
2026-08-25T13:44:46+09:00,트릴리온,6270883,리버스 워크 코튼 버뮤다 쇼츠_3color,47000,29990,36
2026-08-25T13:44:46+09:00,트릴리온,6270854,커브드 절개 데님 버뮤다 쇼츠_노말 블랙,46000,29990,35
2026-08-25T13:44:46+09:00,트릴리온,6270833,커브드 절개 데님 버뮤다 쇼츠_샌드 블루,46000,33900,26
2026-08-25T13:44:46+09:00,트릴리온,6270783,원턱 트랙 워시드 버뮤다 데님 쇼츠_노말 블랙,50000,34900,30
2026-08-25T13:44:46+09:00,트릴리온,6270782,원턱 트랙 워시드 버뮤다 데님 쇼츠_블루 그레이,50000,29990,40
2026-08-25T13:44:46+09:00,트릴리온,6270773,원턱 트랙 워시드 버뮤다 데님 쇼츠_딥 블루,50000,34900,30
2026-08-25T13:44:46+09:00,트릴리온,6230383,에센셜 옥스포드 크롭 반팔 셔츠_5color,49000,29990,39
2026-08-25T13:44:46+09:00,트릴리온,6230378,(여름) 에센셜 린넨 컴포트 크롭 셔츠_6color,58000,36990,36
2026-08-25T13:44:46+09:00,트릴리온,6230371,[기획] 커브드 밴딩 린넨 팬츠_4color,50000,29990,40
2026-08-25T13:44:46+09:00,트릴리온,6230366,빈티지 워크 패치 피그먼트 헨리넥 반팔_4color,50000,34900,30
2026-08-25T13:44:46+09:00,트릴리온,6230356,워셔블 린넨 크롭 반팔 니트_5color,50000,17490,65
2026-08-25T13:44:46+09:00,트릴리온,6230348,워셔블 린넨 크롭 헨리넥 반팔 니트_7color,50000,34900,30
2026-08-25T13:44:46+09:00,트릴리온,6148662,[2PACK] 코마 26수 레이어드 롱 반팔티_3color,29000,17990,38
2026-08-25T13:44:46+09:00,트릴리온,6148671,[기획] 에센셜 CP 이중지 크롭 반팔티_9color,29000,16990,41
2026-08-25T13:44:46+09:00,트릴리온,6148657,사이드 패널 커브드 데님 팬츠_4color,50000,29990,40
2026-08-25T13:44:46+09:00,트릴리온,6148650,[기획] 커브드 와이드 절개 데님 팬츠_4color,50000,34900,30
2026-08-25T13:44:46+09:00,트릴리온,6148644,[기획] 커브드 와이드 절개 생지 데님 팬츠_블랙,50000,34900,30
2026-08-25T13:44:46+09:00,트릴리온,6148642,[기획] 커브드 와이드 절개 생지 데님 팬츠_인디고,50000,29990,40
2026-08-25T13:44:46+09:00,트릴리온,6006848,데님 스타 리벳 멀티 파우치 키링_2color,27000,19000,30
2026-08-25T13:44:46+09:00,트릴리온,5941781,스트레이트 워싱 데님 팬츠_5color,49800,29900,40
2026-08-25T13:44:46+09:00,트릴리온,5928568,2WAY 라이트 시어 후디 윈드브레이커_블랙,66000,45900,30
2026-08-25T13:44:46+09:00,트릴리온,5928567,2WAY 라이트 시어 후디 윈드브레이커_버건디,66000,39990,39
2026-08-25T13:44:46+09:00,트릴리온,5928566,2WAY 라이트 시어 후디 윈드브레이커_라이트 그레이,66000,45900,30
2026-08-25T13:44:46+09:00,트릴리온,5928563,시어서커 믹스 크롭 블루종 자켓_블랙,78000,54800,30
2026-08-25T13:44:46+09:00,트릴리온,5928562,시어서커 믹스 크롭 블루종 자켓_브라운,78000,49990,36
2026-08-25T13:44:46+09:00,트릴리온,5928558,그래픽 와플 헨리넥 롱 슬리브_블랙,48000,33900,29
2026-08-25T13:44:46+09:00,트릴리온,5928557,그래픽 와플 헨리넥 롱 슬리브_차콜,48000,29990,38
2026-08-25T13:44:46+09:00,트릴리온,5928556,그래픽 와플 헨리넥 롱 슬리브_화이트,48000,33900,29
2026-08-25T13:44:46+09:00,트릴리온,5928554,울 크롭 라운드 니트 가디건_7color,57000,39900,30
2026-08-25T13:44:46+09:00,트릴리온,5928552,플라워 자수 크롭 체크 셔츠_레드,54000,33990,37
2026-08-25T13:44:46+09:00,트릴리온,5928551,플라워 자수 크롭 체크 셔츠_카키,54000,37800,30
2026-08-25T13:44:46+09:00,트릴리온,5928550,세미 크롭 헨리넥 니트_스트라이프 블랙,58000,36900,36
2026-08-25T13:44:46+09:00,트릴리온,5928547,세미 크롭 헨리넥 니트_스트라이프 브라운,58000,39800,31
2026-08-25T13:44:46+09:00,트릴리온,5928545,세미 크롭 헨리넥 니트_스트라이프 카키,58000,39800,31
2026-08-25T13:44:46+09:00,트릴리온,5928542,레더 패치 빈티지 워시드 워크 셔츠_4color,58000,36900,36
2026-08-25T13:44:46+09:00,트릴리온,5928541,투턱 라이크 데님 와이드 슬랙스_블랙,60000,39900,34
2026-08-25T13:44:46+09:00,트릴리온,5928539,투턱 라이크 데님 와이드 슬랙스_인디고,60000,39900,34
2026-08-25T13:44:46+09:00,트릴리온,5921130,[기획] 세미 와이드 포켓 코튼 팬츠_5color,43000,29900,30
2026-08-25T13:44:46+09:00,트릴리온,5916840,레인 슬럽 세미 와이드 데님 팬츠_블랙,54000,36990,32
2026-08-25T13:44:46+09:00,트릴리온,5916838,립브드 링 스냅 헨리넥 후디_블랙,50000,39800,20
2026-08-25T13:44:46+09:00,트릴리온,5916837,립브드 링 스냅 헨리넥 후디_차콜,50000,36990,26
2026-08-25T13:44:46+09:00,트릴리온,5916836,립브드 링 스냅 헨리넥 후디_멜란지 그레이,50000,39800,20
2026-08-25T13:44:46+09:00,트릴리온,5890686,에센셜 슬림 타이_4color(솔리드/스트라이프),25000,13990,44
2026-08-25T13:44:46+09:00,트릴리온,5890660,레더 패치 스웨이드 토트백_블랙,65000,43990,32
2026-08-25T13:44:46+09:00,트릴리온,5890656,레더 패치 스웨이드 토트백_브라운,65000,48000,26
2026-08-25T13:44:46+09:00,트릴리온,5887254,와플 링 스냅 카라 헨리넥 롱 슬리브_블랙,50000,35990,28
2026-08-25T13:44:46+09:00,트릴리온,5887253,와플 링 스냅 카라 헨리넥 롱 슬리브_차콜,50000,39000,22
2026-08-25T13:44:46+09:00,트릴리온,5866653,스톤 워시드 카고 포켓 코튼 팬츠_블랙,60000,43850,27
2026-08-25T13:44:46+09:00,트릴리온,5866651,스톤 워시드 카고 포켓 코튼 팬츠_카키,60000,39990,33
2026-08-25T13:44:46+09:00,트릴리온,5866650,스톤 워시드 카고 포켓 코튼 팬츠_브라운,60000,43850,27
2026-08-25T13:44:46+09:00,트릴리온,5866645,원턱 커브드 사이드 턱 스웻 팬츠_3color,50000,33800,32
2026-08-25T13:44:46+09:00,트릴리온,5866642,[기획] 커브드 와이드 절개 코튼 팬츠_5color,43000,29800,31
2026-08-25T13:44:46+09:00,트릴리온,5866641,[기획] 커브드 벌룬 절개 코튼 팬츠_5color,45000,33800,25
2026-08-25T13:44:46+09:00,트릴리온,5866639,어드저스트 피그먼트 커브드 코튼 팬츠_카키 브라운,52000,39800,23
2026-08-25T13:44:46+09:00,트릴리온,5866815,빈티지 워싱 프렌치 워크 자켓_4color,54000,39800,26
2026-08-25T13:44:46+09:00,트릴리온,5866802,레더 패치 와플 후드 집업_블랙,59000,49000,17
2026-08-25T13:44:46+09:00,트릴리온,5866801,레더 패치 와플 후드 집업_차콜,59000,45990,22
2026-08-25T13:44:46+09:00,트릴리온,5866798,레더 패치 와플 후드 집업_브라운,59000,49000,17
2026-08-25T13:44:46+09:00,트릴리온,5866794,2WAY 빈티지 워싱 코튼 후드 집업_블랙,79000,63000,20
2026-08-25T13:44:46+09:00,트릴리온,5866791,2WAY 빈티지 워싱 코튼 후드 집업_카키,79000,63000,20
2026-08-25T13:44:46+09:00,트릴리온,5866785,와플 배색 헨리넥 후디_블랙,52000,39800,23
2026-08-25T13:44:46+09:00,트릴리온,5866784,와플 배색 헨리넥 후디_네이비,52000,39800,23
2026-08-25T13:44:46+09:00,트릴리온,5866781,와플 배색 헨리넥 후디_브라운,52000,36990,29
2026-08-25T13:44:46+09:00,트릴리온,5866776,와플 배색 헨리넥 맨투맨_블랙,50000,39800,20
2026-08-25T13:44:46+09:00,트릴리온,5866773,와플 배색 헨리넥 맨투맨_카키,50000,33990,32
2026-08-25T13:44:46+09:00,트릴리온,5866771,와플 배색 헨리넥 맨투맨_브라운,50000,39800,20
2026-08-25T13:44:46+09:00,트릴리온,5866769,에센셜 옥스포드 크롭 스트라이프 셔츠_3color,45000,34900,22
2026-08-25T13:44:46+09:00,트릴리온,5866767,레더 패치 카모 워크 셔츠_딥 카키,50000,36990,26
2026-08-25T13:44:46+09:00,트릴리온,5866765,레더 패치 카모 워크 셔츠_라이트 카키,50000,39900,20
2026-08-25T13:44:46+09:00,트릴리온,5866637,커브드핏 와이드 코듀로이 팬츠_4color,45000,29990,33
2026-08-25T13:44:46+09:00,트릴리온,5863713,카모 와이드 커브드 코튼 팬츠_딥 카키,54000,42000,22
2026-08-25T13:44:46+09:00,트릴리온,5863712,카모 와이드 커브드 코튼 팬츠_라이트 카키,54000,38990,28
2026-08-25T13:44:46+09:00,트릴리온,5861730,빈티지 워시드 크롭 코튼 자켓_카키 브라운,75000,59800,20
2026-08-25T13:44:46+09:00,트릴리온,5861716,패치 코튼 크롭 니트 가디건_6color,50000,37800,24
2026-08-25T13:44:46+09:00,트릴리온,5861708,워셔블 코튼 크롭 헨리넥 니트_5color,50000,34800,30
2026-08-25T13:44:46+09:00,트릴리온,5861705,레이어드 케이블 니트_블랙,51500,42800,17
2026-08-25T13:44:46+09:00,트릴리온,5861703,레이어드 케이블 니트_차콜,51500,39990,22
2026-08-25T13:44:46+09:00,트릴리온,5861699,레이어드 케이블 니트_네이비,51500,42800,17
2026-08-25T13:44:46+09:00,트릴리온,5861696,레더 패치 코듀로이  워크 셔츠_4color,54000,37800,30
2026-08-25T13:44:46+09:00,트릴리온,5837315,바라클라바 와플 풀오버 후디_블랙,50000,39900,20
2026-08-25T13:44:46+09:00,트릴리온,5837314,바라클라바 와플 풀오버 후디_차콜,50000,36990,26
2026-08-25T13:44:46+09:00,트릴리온,5837313,바라클라바 와플 풀오버 후디_카키,50000,39900,20
2026-08-25T13:44:46+09:00,트릴리온,5837312,버튼 하프넥 플리스 풀오버_5color,65000,49000,25
2026-08-25T13:44:46+09:00,트릴리온,5837306,세미 크롭 헨리넥 케이블 니트_5color,50000,31990,36
2026-08-25T13:44:46+09:00,트릴리온,5837297,레더 패치 데님 카라 럭비 맨투맨_피그먼트 차콜,50000,35990,28
2026-08-25T13:44:46+09:00,트릴리온,5553077,쉐르파 코듀로이 스터드 웨스턴 자켓_블랙,95000,74000,22
2026-08-25T13:44:46+09:00,트릴리온,5553074,쉐르파 코듀로이 스터드 웨스턴 자켓_브라운,95000,64990,32
2026-08-25T13:44:46+09:00,트릴리온,5553072,쉐르파 코듀로이 스터드 웨스턴 자켓_카키,95000,74000,22
2026-08-25T13:44:46+09:00,트릴리온,5553172,피그먼트 다잉 후디드 패딩_3color,115000,98000,15
2026-08-25T13:44:46+09:00,트릴리온,5553157,데님 워싱 바이커 패딩_블랙,119000,73950,38
2026-08-25T13:44:46+09:00,트릴리온,5553155,데님 워싱 바이커 패딩_미들 블루,119000,99000,17
2026-08-25T13:44:46+09:00,트릴리온,5553153,데님 워싱 바이커 패딩_샌드 블루,119000,99000,17
2026-08-25T13:44:46+09:00,트릴리온,5553114,플리스 카라 플라이트 레더 자켓_블랙,125000,99000,21
2026-08-25T13:44:46+09:00,트릴리온,5553112,플리스 카라 플라이트 레더 자켓_브라운,125000,99000,21
2026-08-25T13:44:46+09:00,트릴리온,5553108,플리스 카라 플라이트 레더 자켓_카키,125000,86500,31
2026-08-25T13:44:46+09:00,트릴리온,5553056,레더 패치 쉐르파 데님 자켓_블랙,79000,49990,37
2026-08-25T13:44:46+09:00,트릴리온,5553049,레더 패치 쉐르파 데님 자켓_인디고,79000,54900,31
2026-08-25T13:44:46+09:00,트릴리온,5553036,핀 스트라이프 오피서 크롭 봄버 자켓_블랙,80000,64000,20
2026-08-25T13:44:46+09:00,트릴리온,5553035,핀 스트라이프 오피서 크롭 봄버 자켓_그레이,80000,27990,65
2026-08-25T13:44:46+09:00,트릴리온,5552977,워셔블 헤어리 스트라이프 버튼 가디건 니트_브라운,50000,36990,26
2026-08-25T13:44:46+09:00,트릴리온,5552974,워셔블 헤어리 스트라이프 버튼 가디건 니트_카키,50000,39900,20
2026-08-25T13:44:46+09:00,트릴리온,5552972,워셔블 헤어리 스트라이프 버튼 가디건 니트_베이지,50000,39900,20
2026-08-25T13:44:46+09:00,트릴리온,5552950,그라데이션 스트라이프 벨벳 카라 니트_네이비,50000,37900,24
2026-08-25T13:44:46+09:00,트릴리온,5552949,그라데이션 스트라이프 벨벳 카라 니트_카키,50000,34990,30
2026-08-25T13:44:46+09:00,트릴리온,5552947,그라데이션 스트라이프 벨벳 카라 니트_퍼플,50000,37900,24
2026-08-25T13:44:46+09:00,트릴리온,5552902,스트라이프 92 스타 그래픽 럭비 폴로 셔츠_블랙,65000,57000,12
2026-08-25T13:44:46+09:00,트릴리온,5552899,스트라이프 92 스타 그래픽 럭비 폴로 셔츠_차콜,65000,20240,69
2026-08-25T13:44:46+09:00,트릴리온,5552896,스트라이프 92 스타 그래픽 럭비 폴로 셔츠_스카이,65000,57000,12
2026-08-25T13:44:46+09:00,트릴리온,5552881,스트라이프 92 스타 그래픽 럭비 폴로 셔츠_그린,65000,57000,12
2026-08-25T13:44:46+09:00,트릴리온,5552873,레더 패치 포켓 워크 코튼 팬츠_4color,52000,37300,28
2026-08-25T13:44:46+09:00,트릴리온,5552862,스타 핫 픽스 벌룬핏 워싱 데님 팬츠_3color,54000,45000,17
2026-08-25T13:44:46+09:00,트릴리온,5553009,레더 패치 워크 벨벳 가디건 니트_블랙,60000,48000,20
2026-08-25T13:44:46+09:00,트릴리온,5553000,레더 패치 워크 벨벳 가디건 니트_퍼플 브라운,60000,48000,20
2026-08-25T13:44:46+09:00,트릴리온,5552989,레더 패치 워크 벨벳 가디건 니트_카키,60000,48000,20
2026-08-25T13:44:46+09:00,트릴리온,5552984,레더 패치 워크 벨벳 가디건 니트_베이지,60000,44990,25
2026-08-25T13:44:46+09:00,트릴리온,5553169,레더 패치 푸퍼 패딩_블랙,80000,67000,16
2026-08-25T13:44:46+09:00,트릴리온,5553167,레더 패치 푸퍼 패딩_네이비,80000,54990,31
2026-08-25T13:44:46+09:00,트릴리온,5553166,레더 패치 푸퍼 패딩_브라운,80000,67000,16
2026-08-25T13:44:46+09:00,트릴리온,5553162,레더 패치 푸퍼 패딩_카키,80000,67000,16
2026-08-25T13:44:46+09:00,트릴리온,5552962,워셔블 멀티 컬러 그라데이션 크루넥 니트_네이비,56000,34900,38
2026-08-25T13:44:46+09:00,트릴리온,5552961,워셔블 멀티 컬러 그라데이션 크루넥 니트_브라운,56000,29990,46
2026-08-25T13:44:46+09:00,트릴리온,5552955,워셔블 멀티 컬러 그라데이션 크루넥 니트_퍼플,56000,34900,38
2026-08-25T13:44:46+09:00,트릴리온,5552937,카모 아플리케 그래픽 오버핏 후드_블랙,54000,36990,32
2026-08-25T13:44:46+09:00,트릴리온,5552932,카모 아플리케 그래픽 오버핏 후드_피그먼트 차콜,54000,46000,15
2026-08-25T13:44:46+09:00,트릴리온,5552930,카모 아플리케 그래픽 오버핏 후드_피그먼트 카키,54000,46000,15
2026-08-25T13:44:46+09:00,트릴리온,5552925,카모 아플리케 그래픽 오버핏 후드_피그먼트 레드,54000,46000,15
2026-08-25T13:44:46+09:00,트릴리온,5552909,씬 스트라이프 포켓 헨리넥 롱 슬리브_4color,43000,29900,30
2026-08-25T13:44:46+09:00,트릴리온,5438737,라이트 후디 패딩 자켓_블랙,73000,49990,32
2026-08-25T13:44:46+09:00,트릴리온,5438735,라이트 후디 패딩 자켓_그레이,73000,57800,21
2026-08-25T13:44:46+09:00,트릴리온,5393366,라이트 후디 패딩 자켓_화이트,73000,57800,21
2026-08-25T13:44:46+09:00,트릴리온,5393361,워셔블 울 스타 노르딕 후드 집업 니트_블랙,63000,47900,24
2026-08-25T13:44:46+09:00,트릴리온,5393360,워셔블 울 스타 노르딕 후드 집업 니트_네이비,63000,47900,24
2026-08-25T13:44:46+09:00,트릴리온,5393359,워셔블 울 스타 노르딕 후드 집업 니트_카키,63000,44750,29
2026-08-25T13:44:46+09:00,트릴리온,5393358,워셔블 울 스타 노르딕 후드 집업 니트_멜란지 그레이,63000,47900,24
2026-08-25T13:44:46+09:00,트릴리온,5393364,코듀로이 카라 워크 헌팅 자켓_4color,75000,54900,27
2026-08-25T13:44:46+09:00,트릴리온,5393355,워셔블 울 헤어리 스트라이프 후드 집업 니트_블랙,64000,47800,25
2026-08-25T13:44:46+09:00,트릴리온,5393353,워셔블 울 헤어리 스트라이프 후드 집업 니트_카키,64000,47800,25
2026-08-25T13:44:46+09:00,트릴리온,5393351,워셔블 울 헤어리 스트라이프 후드 집업 니트_멜란지 그레이,64000,47800,25
2026-08-25T13:44:46+09:00,트릴리온,5393350,워셔블 울 헤어리 스트라이프 후드 집업 니트_멜란지 베이지,64000,43990,31
2026-08-25T13:44:46+09:00,트릴리온,5393344,빈티지 페어 아일 자카드 크루넥 니트_블랙,54000,37900,30
2026-08-25T13:44:46+09:00,트릴리온,5393342,빈티지 페어 아일 자카드 크루넥 니트_네이비,54000,37900,30
2026-08-25T13:44:46+09:00,트릴리온,5393341,빈티지 페어 아일 자카드 크루넥 니트_브라운,54000,34990,35
2026-08-25T13:44:46+09:00,트릴리온,5393339,빈티지 페어 아일 자카드 크루넥 니트_베이지,54000,37900,30
2026-08-25T13:44:46+09:00,트릴리온,5393336,워셔블 그라데이션 스트라이프 크루넥 니트_블랙,52000,39000,25
2026-08-25T13:44:46+09:00,트릴리온,5393335,워셔블 그라데이션 스트라이프 크루넥 니트_네이비,52000,29990,42
2026-08-25T13:44:46+09:00,트릴리온,5393333,워셔블 그라데이션 스트라이프 크루넥 니트_브라운,52000,39000,25
2026-08-25T13:44:46+09:00,트릴리온,5393331,워셔블 레글런 헤어리 그래픽 트랙 니트_블랙,52000,35900,31
2026-08-25T13:44:46+09:00,트릴리온,5393329,워셔블 레글런 헤어리 그래픽 트랙 니트_네이비,52000,35900,31
2026-08-25T13:44:46+09:00,트릴리온,5393327,워셔블 레글런 헤어리 그래픽 트랙 니트_베이지,52000,29990,42
2026-08-25T13:44:46+09:00,트릴리온,5393316,1992 피그먼트 그래픽 오버핏 맨투맨_4color,52000,39900,23
2026-08-25T13:44:46+09:00,트릴리온,5393310,에센셜 와플 크롭 롱 슬리브_5color,37000,25900,30
2026-08-25T13:44:46+09:00,트릴리온,5393303,원 포켓 멀티 핀 오버핏 셔츠_브라운,50000,39900,20
2026-08-25T13:44:46+09:00,트릴리온,5393288,원 포켓 멀티 핀 오버핏 셔츠_베이지,50000,39900,20
2026-08-25T13:44:46+09:00,트릴리온,5393279,유틸리티 벨트 멀티 니 턱 카고 와이드 팬츠_블랙,57000,43000,25
2026-08-25T13:44:46+09:00,트릴리온,5393267,유틸리티 벨트 멀티 니 턱 카고 와이드 팬츠_브라운,57000,43000,25
2026-08-25T13:44:46+09:00,트릴리온,5393266,유틸리티 벨트 멀티 니 턱 카고 와이드 팬츠_마젠타,57000,43000,25
2026-08-25T13:44:46+09:00,트릴리온,5393264,유틸리티 벨트 멀티 니 턱 카고 와이드 팬츠_베이지,57000,29990,47
2026-08-25T13:44:46+09:00,트릴리온,5393262,체크 파라슈트 트랙 라인 와이드 팬츠_3color,59000,45000,24
2026-08-25T13:44:46+09:00,트릴리온,5393256,패치 더블 스트링 벌룬핏 조거 팬츠_3color,51000,39900,22
2026-08-25T13:44:46+09:00,트릴리온,5393251,카모 카펜터 와이드 스웨트 팬츠_그레이,51000,39800,22
2026-08-25T13:44:46+09:00,트릴리온,5393249,카모 카펜터 와이드 스웨트 팬츠_카키,51000,14890,71
2026-08-25T13:44:46+09:00,트릴리온,5276037,레더 패치 스웨이드 워크 후드 집업_카키,70000,54900,22
2026-08-25T13:44:46+09:00,트릴리온,5276044,레더 패치 스웨이드 워크 후드 집업_블랙,70000,54900,22
2026-08-25T13:44:46+09:00,트릴리온,5276041,레더 패치 스웨이드 워크 후드 집업_브라운,70000,49990,29
2026-08-25T13:44:46+09:00,트릴리온,5276039,레더 패치 스웨이드 워크 후드 집업_그레이,70000,54900,22
2026-08-25T13:44:46+09:00,트릴리온,5276128,빈티지 스타 리벳 레더 벨트_블랙,35000,19990,43
