date,brand_name,goods_no,product_name,estimated_sales,estimated_gmv,estimated_avg_price,display_price,previous_display_price,price_change_detected,price_change_amount,price_change_pct,coverage_pct,calendar_complete,confidence,max_interval_hours,observation_count,contributing_intervals,history_bucket,product_url
2026-08-27,제멋,306320,제이윈 덤블 기모후드 딥그린(KHHD0748),0.0,0,34900,34900,,0,,,41.94,0,low,19.59,2,1,16,https://www.musinsa.com/products/306320
2026-08-27,프리즘웍스,424336,EDGAR N-1 DECK JACKET _ BEIGE,0.0,0,148000,148000,,0,,,41.94,0,low,19.59,2,1,16,https://www.musinsa.com/products/424336
2026-08-27,제멋,987152,에디 오버핏 반팔티셔츠 코랄 KJST2189,0.0,0,21900,21900,,0,,,41.93,0,low,19.59,2,1,16,https://www.musinsa.com/products/987152
2026-08-27,제멋,1280016,엔트 투웨이 후드집업 블랙 KJHD2272,0.0,0,41900,41900,,0,,,41.92,0,low,19.59,2,1,16,https://www.musinsa.com/products/1280016
2026-08-27,제멋,1733264,[2PACK] 로아 덤블기모 박시 후드 2Pack KJHD2324,0.0,0,63900,63900,,0,,,41.92,0,low,19.59,2,1,16,https://www.musinsa.com/products/1733264
2026-08-27,엘무드,1769424,가먼트 워시드 오버핏 맨투맨 차콜,0.46,12774,27720,27720,,0,,,40.4,0,low,21.04,2,1,16,https://www.musinsa.com/products/1769424
2026-08-27,토피,1778192,EST 에코백 (BLACK),0.0,0,29400,29400,,0,,,45.01,0,low,20.7,2,1,16,https://www.musinsa.com/products/1778192
2026-08-27,트래블,1797840,어프로칭 후드 윈드 브레이커 네이비,0.49,26617,54500,54500,,0,,,43.75,0,low,21.5,2,1,16,https://www.musinsa.com/products/1797840
2026-08-27,인사일런스,1852048,백프린트 로고 티셔츠 WHITE,0.0,0,43200,43200,,0,,,40.4,0,low,21.04,2,1,16,https://www.musinsa.com/products/1852048
2026-08-27,트래블,1884944,미시간 울버린 피그먼트 반팔티 블루 섀도우,0.0,0,23400,23400,,0,,,43.75,0,low,21.5,2,1,16,https://www.musinsa.com/products/1884944
2026-08-27,에스피오나지,1959696,Over Pique Polo Shirt Navy,0.0,0,50400,50400,,0,,,41.91,0,low,19.59,2,1,16,https://www.musinsa.com/products/1959696
2026-08-27,몰든,2082064,스탠다드 머슬핏 무지 티셔츠,2.93,74424,25400,25400,,0,,,43.75,0,low,21.5,2,1,16,https://www.musinsa.com/products/2082064
2026-08-27,아웃스탠딩,2089168,REVERSE HEAVY SWEAT_NAVY,0.0,0,89000,89000,,0,,,45.01,0,low,20.7,2,1,16,https://www.musinsa.com/products/2089168
2026-08-27,제멋,2129808,코드 오버핏 기모 후드 네이비 OYHD2378,0.0,0,42900,42900,,0,,,41.9,0,low,19.59,2,1,16,https://www.musinsa.com/products/2129808
2026-08-27,엘무드,2322128,세인트 보일드 울 절개 가디건 블랙,0.0,0,44800,44800,,0,,,40.39,0,low,21.04,2,1,16,https://www.musinsa.com/products/2322128
2026-08-27,노이어,2359440,오버핏 핀턱 와플 니트 (아이보리),0.0,0,33700,33700,,0,,,41.89,0,low,19.59,2,1,16,https://www.musinsa.com/products/2359440
2026-08-27,프리즘웍스,2387344,OG HEAVYWEIGHT PULLOVER HOODY _ NAVY,0.51,40543,79000,79000,,0,,,41.89,0,low,19.59,2,1,16,https://www.musinsa.com/products/2387344
2026-08-27,스컬프터,2404496,Linen Cargo Jogger Pants Black,0.0,0,79000,79000,,0,,,45.0,0,low,20.7,2,1,16,https://www.musinsa.com/products/2404496
2026-08-27,솔트앤초콜릿,2630864,라운드 토 피셔맨 샌들 412324017 (3.5cm/3colors),0.0,0,53400,53400,,0,,,45.0,0,low,20.7,2,1,16,https://www.musinsa.com/products/2630864
2026-08-27,인사일런스,2720016,라쿤 칼라 니트 카디건 SAND BEIGE,0.0,0,77500,77500,,0,,,40.37,0,low,21.04,2,1,16,https://www.musinsa.com/products/2720016
2026-08-27,스컬프터,2731280,Tape Wind Pants Pale Beige,0.0,0,76300,76300,,0,,,45.0,0,low,20.7,2,1,16,https://www.musinsa.com/products/2731280
2026-08-27,프리즘웍스,2736976,DENIM TRUCKER OVERSIZED SHIRT _ BLUE,0.0,0,49000,49000,,0,,,41.88,0,low,19.59,2,1,16,https://www.musinsa.com/products/2736976
2026-08-27,세컨모놀로그,2748048,Heavyweight Cable Half Zip Knit [GRAY]_COOSKT042GRAY,0.0,0,149000,149000,,0,,,40.37,0,low,21.04,2,1,16,https://www.musinsa.com/products/2748048
2026-08-27,스컬프터,2796560,POLARTEC® Double Fleece Jacket Black,0.0,0,117600,117600,,0,,,44.99,0,low,20.7,2,1,16,https://www.musinsa.com/products/2796560
2026-08-27,어반드레스,2850320,AV LOGO CROP T-SHIRT BLACK,0.0,0,19500,19500,,0,,,41.87,0,low,19.59,2,1,16,https://www.musinsa.com/products/2850320
2026-08-27,인템포무드,2858896,하프 앤 하프 니트_네이비,0.0,0,48500,48500,,0,,,40.36,0,low,21.04,2,1,16,https://www.musinsa.com/products/2858896
2026-08-27,노이어,2870416,부클 브이넥 오버핏 스웨터 (레드),0.0,0,103200,103200,,0,,,41.86,0,low,19.59,2,1,16,https://www.musinsa.com/products/2870416
2026-08-27,어반드레스,2921680,UNISEX APPLIQUE JOGGER PANTS - 3COL,0.0,0,16800,16800,,0,,,41.86,0,low,19.59,2,1,16,https://www.musinsa.com/products/2921680
2026-08-27,솔트앤초콜릿,2927952,라운드 토 리본 플랫  412315008 (1cm/3colors),0.0,0,66750,66750,,0,,,44.98,0,low,20.7,2,1,16,https://www.musinsa.com/products/2927952
2026-08-27,트래블,3012624,리즌 트레일 피그먼트 후드티 고스트 그레이,0.0,0,39500,39500,,0,,,43.74,0,low,21.5,2,1,16,https://www.musinsa.com/products/3012624
2026-08-27,파르티멘토,3029200,리벳 인스톨 데님 트러커 자켓 페이드 딤 블루,0.0,0,59850,59850,,0,,,40.35,0,low,21.04,2,1,16,https://www.musinsa.com/products/3029200
2026-08-27,커버낫,3038288,윈드브레이커 쇼츠 베이지,0.0,0,29000,29000,,0,,,40.35,0,low,21.04,2,1,16,https://www.musinsa.com/products/3038288
2026-08-27,키르시,3047696,체리 플래닛 패턴 롱스커트 [아이보리],0.0,0,35700,35700,,0,,,40.34,0,low,21.04,2,1,16,https://www.musinsa.com/products/3047696
2026-08-27,세컨모놀로그,3065360,와이드카라 코튼 블루종 베이지 SEJK002BEIGE,0.0,0,139000,139000,,0,,,40.34,0,low,21.04,2,1,16,https://www.musinsa.com/products/3065360
2026-08-27,플랙,3066896,후디 사파리 자켓 라이트 그레이,0.0,0,179000,179000,,0,,,40.34,0,low,21.04,2,1,16,https://www.musinsa.com/products/3066896
2026-08-27,제멋,3083792,아크 롤링 오버핏 기모 후드 5종 그레이 SOHD2469,0.51,22505,43900,43900,,0,,,41.85,0,low,19.59,2,1,16,https://www.musinsa.com/products/3083792
2026-08-27,커버낫,3086672,후디 코트 자켓 블랙,0.0,0,94500,94500,,0,,,40.33,0,low,21.04,2,1,16,https://www.musinsa.com/products/3086672
2026-08-27,커버낫,3131600,린넨 레귤러 쇼츠 네이비,0.0,0,29000,29000,,0,,,40.32,0,low,21.04,2,1,16,https://www.musinsa.com/products/3131600
2026-08-27,스컬프터,3171344,Souvenir Mesh Tee White,0.0,0,48300,48300,,0,,,44.96,0,low,20.7,2,1,16,https://www.musinsa.com/products/3171344
2026-08-27,스컬프터,3171920,Hopeful Summer pants Navy,0.0,0,68600,68600,,0,,,44.96,0,low,20.7,2,1,16,https://www.musinsa.com/products/3171920
2026-08-27,아이돈워너셀,3186000,RHOMBUS TROUSER GRAY,0.0,0,39600,39600,,0,,,40.31,0,low,21.04,2,1,16,https://www.musinsa.com/products/3186000
2026-08-27,제멋,3226704,노즈 텐셀코튼 투턱 버뮤다 숏팬츠 8종 카키 KJSP2480,0.0,0,21900,21900,,0,,,41.83,0,low,19.59,2,1,16,https://www.musinsa.com/products/3226704
2026-08-27,무센트,3235216,시그니처 볼캡 (코랄 핑크),0.46,13746,29900,29900,,0,,,40.31,0,low,21.04,2,1,16,https://www.musinsa.com/products/3235216
2026-08-27,제멋,3244816,플레시 썸머 원턱 하프팬츠 8종 그레이 SOSP2483,0.0,0,26900,26900,,0,,,41.83,0,low,19.59,2,1,16,https://www.musinsa.com/products/3244816
2026-08-27,와르,3288208,P1013 버뮤다 와이드 카고 팬츠_화이트메란지,0.0,0,33000,33000,,0,,,44.96,0,low,20.7,2,1,16,https://www.musinsa.com/products/3288208
2026-08-27,파르티멘토,3290448,코튼 솔리드 버킷 햇 블랙,0.0,0,24500,24500,,0,,,40.3,0,low,21.04,2,1,16,https://www.musinsa.com/products/3290448
2026-08-27,프리즘웍스,3299920,ONE TUCK SWEAT SHORTS _ BRICK,0.0,0,29000,29000,,0,,,41.82,0,low,19.59,2,1,16,https://www.musinsa.com/products/3299920
2026-08-27,시야쥬,3305360,SIPT7078 투턱 나일론 슬랙스_White,0.0,0,89000,89000,,0,,,40.3,0,low,21.04,2,1,16,https://www.musinsa.com/products/3305360
2026-08-27,파르티멘토,3349712,로프 스트링 데님 버뮤다 팬츠 라이트 블루,0.0,0,27400,27400,,0,,,40.29,0,low,21.04,2,1,16,https://www.musinsa.com/products/3349712
2026-08-27,트래블,3440080,파이핑 콤비네이션 팬츠 블랙,0.0,0,44500,44500,,0,,,43.71,0,low,21.5,2,1,16,https://www.musinsa.com/products/3440080
2026-08-27,커버낫,3451984,어센틱 로고 스웻 조거 팬츠 네이비,0.0,0,39000,39000,,0,,,40.29,0,low,21.04,2,1,16,https://www.musinsa.com/products/3451984
2026-08-27,더뮤지엄비지터,3462096,HEART PRINTED INSIDE-OUT SWEATSHIRTS (BLACK),0.0,0,67200,67200,,0,,,44.94,0,low,20.7,2,1,16,https://www.musinsa.com/products/3462096
2026-08-27,디미트리블랙,3469200,ASI 에센셜 원턱 와이드 데님 팬츠_인디고,0.0,0,33900,33900,,0,,,40.28,0,low,21.04,2,1,16,https://www.musinsa.com/products/3469200
2026-08-27,후브스,3481104,헤비코튼 오버핏 후드 버튼 집업 [오트밀],0.0,0,78400,78400,,0,,,40.28,0,low,21.04,2,1,16,https://www.musinsa.com/products/3481104
2026-08-27,드로우핏 우먼,3485584,울 케이블 투웨이 집업 니트 가디건 [IVORY],0.0,0,89540,89540,,0,,,43.71,0,low,21.5,2,1,16,https://www.musinsa.com/products/3485584
2026-08-27,드로우핏 우먼,3485776,레노바 버킷 숄더 백팩 [BLACK],0.0,0,70400,70400,,0,,,43.71,0,low,21.5,2,1,16,https://www.musinsa.com/products/3485776
2026-08-27,드로우핏 우먼,3485840,헤링본 숄더 콤비 백 [IVORY],0.0,0,61600,61600,,0,,,43.71,0,low,21.5,2,1,16,https://www.musinsa.com/products/3485840
2026-08-27,스컬프터,3487440,Classic Sally Pants Khaki,0.0,0,97300,97300,,0,,,44.94,0,low,20.7,2,1,16,https://www.musinsa.com/products/3487440
2026-08-27,아이돈워너셀,3492944,Pigment Ripstop Cargo Pants Black,0.0,0,55600,55600,,0,,,40.27,0,low,21.04,2,1,16,https://www.musinsa.com/products/3492944
2026-08-27,키르시,3494352,스몰 체리 케이블 크롭 니트 베스트 [블랙],0.0,0,23600,23600,,0,,,40.27,0,low,21.04,2,1,16,https://www.musinsa.com/products/3494352
2026-08-27,프리즘웍스,3511888,TUTTO PASSA SWEATSHIRT _ GRAY,0.0,0,37200,37200,,0,,,41.8,0,low,19.59,2,1,16,https://www.musinsa.com/products/3511888
2026-08-27,세컨모놀로그,3519632,키홀 자수 데이바이데이 스웻 맨투맨 그레이_SETS018GRAY,0.0,0,62000,62000,,0,,,40.27,0,low,21.04,2,1,16,https://www.musinsa.com/products/3519632
2026-08-27,카네이테이,3522384,IPFU WIND BREAKER (OLIVE DRAB),0.0,0,125250,125250,,0,,,44.94,0,low,20.7,2,1,16,https://www.musinsa.com/products/3522384
2026-08-27,커버낫,3529040,어센틱 C 로고 숏비니 카키,0.0,0,21000,21000,,0,,,40.26,0,low,21.04,2,1,16,https://www.musinsa.com/products/3529040
2026-08-27,노이어,3536656,헤비 멀티 케이블 오버핏 스웨터 (블랙),0.0,0,116000,116000,,0,,,41.8,0,low,19.59,2,1,16,https://www.musinsa.com/products/3536656
2026-08-27,파르티멘토,3536912,에이징 워싱 롱 슬리브 코랄,0.0,0,34300,34300,,0,,,40.26,0,low,21.04,2,1,16,https://www.musinsa.com/products/3536912
2026-08-27,세컨모놀로그,3542480,Heavyweight Cable Crew Neck Knit [NAVY]_COOSKT040NAVY,0.0,0,129000,129000,,0,,,40.26,0,low,21.04,2,1,16,https://www.musinsa.com/products/3542480
2026-08-27,키르시,3542864,체크 패턴 니트 롱 스커트 [브라운],0.0,0,35600,35600,,0,,,40.25,0,low,21.04,2,1,16,https://www.musinsa.com/products/3542864
2026-08-27,루에브르,3550096,Tie Puff Sleeve Blouse SW3AB354-90,0.0,0,159000,159000,,0,,,43.7,0,low,21.5,2,1,16,https://www.musinsa.com/products/3550096
2026-08-27,드로우핏 우먼,3552592,시어링 크롭 무스탕 자켓 [BROWN SUEDE],0.0,0,167200,167200,,0,,,43.7,0,low,21.5,2,1,16,https://www.musinsa.com/products/3552592
2026-08-27,커버낫,3554960,어센틱 미들 비니 아이보리,0.0,0,23400,23400,,0,,,40.25,0,low,21.04,2,1,16,https://www.musinsa.com/products/3554960
2026-08-27,틸아이다이,3556624,String belt natural leather jacket_Brown,0.0,0,175190,175190,,0,,,44.93,0,low,20.7,2,1,16,https://www.musinsa.com/products/3556624
2026-08-27,에스피오나지,3560912,Chambray Work Shirt Washed Blue,0.51,47919,93600,93600,,0,,,41.79,0,low,19.59,2,1,16,https://www.musinsa.com/products/3560912
2026-08-27,노이어,3570320,울 리브드 집업 가디건 (블랙),0.0,0,116000,116000,,0,,,41.79,0,low,19.59,2,1,16,https://www.musinsa.com/products/3570320
2026-08-27,어반드레스,3599504,Suede Chic Slit Mini Skirt CHARCOAL,0.0,0,21160,21160,,0,,,41.78,0,low,19.59,2,1,16,https://www.musinsa.com/products/3599504
2026-08-27,어반드레스,3611984,Pigment Other Cargo Pants - 3COL,0.0,0,36660,36660,,0,,,41.77,0,low,19.59,2,1,16,https://www.musinsa.com/products/3611984
2026-08-27,커버낫,3618896,컬러 블록 후디 라벤더,0.0,0,49000,49000,,0,,,40.23,0,low,21.04,2,1,16,https://www.musinsa.com/products/3618896
2026-08-27,플랙,3653520,플랙 로고 그래픽 맨투맨 블랙,0.0,0,49000,49000,,0,,,40.22,0,low,21.04,2,1,16,https://www.musinsa.com/products/3653520
2026-08-27,언더오프,3691664,사이드 턱 와이드 벌룬 조거 스웻 팬츠 5colors 그레이,0.0,0,29900,29900,,0,,,40.22,0,low,21.04,2,1,16,https://www.musinsa.com/products/3691664
2026-08-27,커버낫,3730000,시티플로우 크로스백 민트,0.0,0,24500,24500,,0,,,40.22,0,low,21.04,2,1,16,https://www.musinsa.com/products/3730000
2026-08-27,트리밍버드,3735376,TMB Fur Gloves [ White ],0.0,0,49000,49000,,0,,,41.76,0,low,19.59,2,1,16,https://www.musinsa.com/products/3735376
2026-08-27,유니온블루,3735504,CASHMERE WOOL CREWNECK KNIT [MOCHA BROWN],0.0,0,124200,124200,,0,,,44.92,0,low,20.7,2,1,16,https://www.musinsa.com/products/3735504
2026-08-27,커버낫,3773840,어센틱 C 로고 볼캡 베이지,0.0,0,19500,19500,,0,,,40.21,0,low,21.04,2,1,16,https://www.musinsa.com/products/3773840
2026-08-27,커버낫,3773904,스몰 어센틱 후디 집업 멜란지 그레이,0.46,24489,53400,53400,,0,,,40.21,0,low,21.04,2,1,16,https://www.musinsa.com/products/3773904
2026-08-27,제멋,3777232,테스트매치 오버핏 기모 후드 블랙 OYHD2541,0.0,0,42900,42900,,0,,,41.75,0,low,19.59,2,1,16,https://www.musinsa.com/products/3777232
2026-08-27,더뮤지엄비지터,3786384,21 IN PARIS PRINTED SWEATSHIRTS (GREY),0.0,0,88800,88800,,0,,,44.91,0,low,20.7,2,1,16,https://www.musinsa.com/products/3786384
2026-08-27,브렌슨,3786448,B. 루즈핏 보트넥 스트라이프 긴팔티 ( 5Color ),0.0,0,22900,22900,,0,,,40.21,0,low,21.04,2,1,16,https://www.musinsa.com/products/3786448
2026-08-27,키뮤어,3787856,텍스쳐 오픈카라 숏 자켓_브라운,0.0,0,76300,76300,,0,,,41.75,0,low,19.59,2,1,16,https://www.musinsa.com/products/3787856
2026-08-27,제너럴아이디어,3797200,에센셜 뉴클래식 후드티 [BLACK] / WBD1L02502,0.0,0,44000,44000,,0,,,44.91,0,low,20.7,2,1,16,https://www.musinsa.com/products/3797200
2026-08-27,세컨모놀로그,3801168,워터 다이브 피그먼트 스웻셔츠 [GRAY]_SETS027GRAY,0.0,0,86000,86000,,0,,,40.2,0,low,21.04,2,1,16,https://www.musinsa.com/products/3801168
2026-08-27,커버낫,3815056,C 로고 하프 집업 맨투맨 헤더 그레이,0.0,0,47400,47400,,0,,,40.19,0,low,21.05,2,1,16,https://www.musinsa.com/products/3815056
2026-08-27,락케이크,3816784,Faye Damage Jeans - Black,0.0,0,119200,119200,,0,,,43.69,0,low,21.5,2,1,16,https://www.musinsa.com/products/3816784
2026-08-27,유니폼브릿지,3821648,ub logo socks deep green,0.0,0,5000,5000,,0,,,44.9,0,low,20.7,2,1,16,https://www.musinsa.com/products/3821648
2026-08-27,유니폼브릿지,3822928,3layer wp hood jacket black,0.0,0,69800,69800,,0,,,44.9,0,low,20.7,2,1,16,https://www.musinsa.com/products/3822928
2026-08-27,커버낫,3830352,벨트 데님 워싱 레귤러 팬츠 아이보리,0.0,0,49000,49000,,0,,,40.18,0,low,21.05,2,1,16,https://www.musinsa.com/products/3830352
2026-08-27,노이어,3839312,헤비 치노 와이드 버뮤다 팬츠 (블랙),0.0,0,98000,98000,,0,,,41.74,0,low,19.59,2,1,16,https://www.musinsa.com/products/3839312
2026-08-27,노이어,3839632,부클 브이넥 하프 니트 (블랙),0.0,0,59500,59500,,0,,,41.74,0,low,19.59,2,1,16,https://www.musinsa.com/products/3839632
2026-08-27,커버낫,3851216,C 로고 티셔츠 피치,0.0,0,19500,19500,,0,,,40.16,0,low,21.05,2,1,16,https://www.musinsa.com/products/3851216
2026-08-27,솔트앤초콜릿,3863184,라운드 토 더블 몽크 스트랩 슈즈 412419003 (4cm/2colors),0.0,0,66750,66750,,0,,,44.89,0,low,20.7,2,1,16,https://www.musinsa.com/products/3863184
2026-08-27,커버낫,3864400,린넨 체인 C 로고 셔츠 화이트,0.0,0,36050,36050,,0,,,40.16,0,low,21.05,2,1,16,https://www.musinsa.com/products/3864400
2026-08-27,무드인사이드,3865936,스페셜 후드 바람막이_8color,0.0,0,29900,29900,,0,,,43.67,0,low,21.5,2,1,16,https://www.musinsa.com/products/3865936
2026-08-27,프리즘웍스,3869904,XXX BOWLING CLUB BALL CAP _ BLACK,0.0,0,19500,19500,,0,,,41.73,0,low,19.59,2,1,16,https://www.musinsa.com/products/3869904
2026-08-27,프리즘웍스,3870160,OG VINTAGE DYEING PULLOVER HOODY _ MUSTARD,0.0,0,89000,89000,,0,,,41.72,0,low,19.59,2,1,16,https://www.musinsa.com/products/3870160
2026-08-27,트리밍버드,3891856,Round Rivet Nylon Set-up Hoodie Zip-up [ White ],0.0,0,189000,189000,,0,,,41.72,0,low,19.59,2,1,16,https://www.musinsa.com/products/3891856
2026-08-27,어반드레스,3901584,Laon Cross V-neck Knit Set - 6COL,0.0,0,59000,59000,,0,,,41.71,0,low,19.59,2,1,16,https://www.musinsa.com/products/3901584
2026-08-27,커버낫,3904976,스몰 어센틱 로고 티셔츠 블랙,0.0,0,19500,19500,,0,,,40.15,0,low,21.05,2,1,16,https://www.musinsa.com/products/3904976
2026-08-27,시야쥬,3918992,SIPT7112 원턱 뉴 와이드 슬랙스_Charcoal,0.0,0,55300,55300,,0,,,40.14,0,low,21.05,2,1,16,https://www.musinsa.com/products/3918992
2026-08-27,제너럴아이디어,3925712,에센셜 코지 조거 세트 [MELANGE GREY] / SBD1U51040SET1,0.0,0,62000,62000,,0,,,44.87,0,low,20.7,2,1,16,https://www.musinsa.com/products/3925712
2026-08-27,브라운브레스,3949392,W CAUSE RAGLAN TEE - MUSTARD,0.0,0,39600,39600,,0,,,43.65,0,low,21.5,2,1,16,https://www.musinsa.com/products/3949392
2026-08-27,브라운브레스,3949520,PROOF RINGER TEE - CREAM,0.0,0,44100,44100,,0,,,43.66,0,low,21.5,2,1,16,https://www.musinsa.com/products/3949520
2026-08-27,키뮤어,3974544,(우먼) 코튼 오픈카라 케이블 하프 니트_베이지,0.0,0,34300,34300,,0,,,41.71,0,low,19.6,2,1,16,https://www.musinsa.com/products/3974544
2026-08-27,글로니,3977488,GIRLFRIEND SLEEVELESS MINI DRESS (WHITE),0.51,50058,98000,98000,,0,,,41.7,0,low,19.6,2,1,16,https://www.musinsa.com/products/3977488
2026-08-27,어반드레스,3988624,3D Pattern Tee - 4COL,0.0,0,26000,26000,,0,,,41.7,0,low,19.6,2,1,16,https://www.musinsa.com/products/3988624
2026-08-27,어반드레스,3989200,Van Heart Short Sleeve - 4COL,0.0,0,13640,13640,,0,,,41.7,0,low,19.6,2,1,16,https://www.musinsa.com/products/3989200
2026-08-27,키르시,3997904,컬러 믹스 리본 하프 팬츠 [스카이],0.0,0,28070,28070,,0,,,40.12,0,low,21.05,2,1,16,https://www.musinsa.com/products/3997904
2026-08-27,커버낫,3998224,C 로고 아치 티셔츠 크림,0.0,0,19850,19850,,0,,,40.11,0,low,21.05,2,1,16,https://www.musinsa.com/products/3998224
2026-08-27,아웃스탠딩,3998736,HS KNIT COLLAR SHIRT_IVORY,1.04,48274,46400,46400,,0,,,44.86,0,low,20.7,2,1,16,https://www.musinsa.com/products/3998736
2026-08-27,본투윈,4002640,SYMBOL B LOGO T-SHIRTS [WHITE],0.52,25487,49000,49000,,0,,,44.86,0,low,20.7,2,1,16,https://www.musinsa.com/products/4002640
2026-08-27,드로우핏 우먼,4021008,라인 배색 부클 반팔 니트 [L.BEIGE],0.0,0,55800,55800,,0,,,43.65,0,low,21.5,2,1,16,https://www.musinsa.com/products/4021008
2026-08-27,언더오프,4022672,오버핏 크루넥 무지 반팔 티셔츠 딥블루,0.0,0,15300,15300,,0,,,40.11,0,low,21.05,2,1,16,https://www.musinsa.com/products/4022672
2026-08-27,플랙,4059600,베이직 숏 카라 니트 반팔 네이비,0.0,0,55900,55900,,0,,,40.1,0,low,21.05,2,1,16,https://www.musinsa.com/products/4059600
2026-08-27,브라운브레스,4065360,PROVE IT MESH CAP - BLUE,0.0,0,39200,39200,,0,,,43.64,0,low,21.5,2,1,16,https://www.musinsa.com/products/4065360
2026-08-27,브라운브레스,4065424,BB CHECKER SHORT PANTS - NAVY,0.0,0,39500,39500,,0,,,43.64,0,low,21.5,2,1,16,https://www.musinsa.com/products/4065424
2026-08-27,에스피오나지,4074128,Washed Cotton Surf Shorts Khaki Beige,0.0,0,75200,75200,,0,,,41.69,0,low,19.6,2,1,16,https://www.musinsa.com/products/4074128
2026-08-27,더뮤지엄비지터,4075472,DOUBLE HEART HALF PANTS (BLACK),0.0,0,61950,61950,,0,,,44.85,0,low,20.7,2,1,16,https://www.musinsa.com/products/4075472
2026-08-27,프렌다,4091344,PDC LOGO COLLAR PIGMENT VEST PALE BLUE,0.0,0,29500,29500,,0,,,43.63,0,low,21.5,2,1,16,https://www.musinsa.com/products/4091344
2026-08-27,유니온블루,4092496,EDITOR STRIPE SHIRT [BLACK],0.52,35566,68400,68400,,0,,,44.84,0,low,20.7,2,1,16,https://www.musinsa.com/products/4092496
2026-08-27,에스피오나지,4093520,Chambray S/S Work Shirt Washed Blue,0.0,0,75200,75200,,0,,,41.69,0,low,19.6,2,1,16,https://www.musinsa.com/products/4093520
2026-08-27,시야쥬,4104912,SITP5157 우먼즈 아카이브 반팔 티셔츠_White,0.0,0,36000,36000,,0,,,40.09,0,low,21.05,2,1,16,https://www.musinsa.com/products/4104912
2026-08-27,트래블,4107664,파이핑 라인 하이넥 베스트 와인,0.0,0,32500,32500,,0,,,43.63,0,low,21.5,2,1,16,https://www.musinsa.com/products/4107664
2026-08-27,언더오프,4111568,오버핏 크루넥 브루클린 반팔 티셔츠 화이트레드,0.0,0,18320,18320,,0,,,40.08,0,low,21.05,2,1,16,https://www.musinsa.com/products/4111568
2026-08-27,인템포무드,4126032,피쉬핀 스트라이프 니트 : 2컬러,0.0,0,33500,33500,,0,,,40.08,0,low,21.05,2,1,16,https://www.musinsa.com/products/4126032
2026-08-27,노이어,4139024,럭스 코튼 베이직 하프 니트 (블랙),0.0,0,50400,50400,,0,,,41.68,0,low,19.6,2,1,16,https://www.musinsa.com/products/4139024
2026-08-27,무드인사이드,4151504,아이스 스티치 스트링 바람막이 _Gray,0.0,0,25900,25900,,0,,,43.62,0,low,21.5,2,1,16,https://www.musinsa.com/products/4151504
2026-08-27,유니폼브릿지,4157904,washington s/s tee brick red,0.0,0,27300,27300,,0,,,44.84,0,low,20.7,2,1,16,https://www.musinsa.com/products/4157904
2026-08-27,무센트,4168976,트랙 폴리 후드 반팔 자켓 아노락 바람막이 (2컬러),0.0,0,49900,49900,,0,,,40.07,0,low,21.05,2,1,16,https://www.musinsa.com/products/4168976
2026-08-27,트리밍버드,4187344,See-Through V Low-Waist Mini Skirt [ Black ],0.0,0,189000,189000,,0,,,41.68,0,low,19.6,2,1,16,https://www.musinsa.com/products/4187344
2026-08-27,1993스튜디오,4259216,심볼 로고 트랙 후드_블랙,0.0,0,71200,71200,,0,,,40.05,0,low,21.05,2,1,16,https://www.musinsa.com/products/4259216
2026-08-27,아웃스탠딩,4261904,BASIC CREW NECK LONG SLEEVE TEE_BLACK,0.0,0,35100,35100,,0,,,44.83,0,low,20.7,2,1,16,https://www.musinsa.com/products/4261904
2026-08-27,어반드레스,4283088,Side Big Cargo Pants LIGHT CAMO,2.55,101809,39900,39900,,0,,,41.67,0,low,19.6,2,1,16,https://www.musinsa.com/products/4283088
2026-08-27,커버낫,4286928,C 로고 맨투맨 멜란지 그레이,0.0,0,34500,34500,,0,,,40.03,0,low,21.05,2,1,16,https://www.musinsa.com/products/4286928
2026-08-27,유니폼브릿지,4288848,leather a-2 jacket(womens) brown,0.0,0,77710,77710,,0,,,44.82,0,low,20.7,2,1,16,https://www.musinsa.com/products/4288848
2026-08-27,후브스,4296144,링 스냅 헨리넥 스웻셔츠 [오트밀],0.0,0,19200,19200,,0,,,40.03,0,low,21.05,2,1,16,https://www.musinsa.com/products/4296144
2026-08-27,파르티멘토,4298704,[뱃지 증정] 3M 신슐레이트 VTG 워시드 워크 자켓 [누빔 안감] 그레이,0.0,0,101610,101610,,0,,,40.03,0,low,21.05,2,1,16,https://www.musinsa.com/products/4298704
2026-08-27,트래블,4300880,져지 유니폼 베이스볼 자켓 블랙,0.0,0,29500,29500,,0,,,43.6,0,low,21.5,2,1,16,https://www.musinsa.com/products/4300880
2026-08-27,디미트리블랙,4308176,바이오워싱 와이드 카펜터 데님 팬츠_더스트블랙,0.0,0,35900,35900,,0,,,40.03,0,low,21.05,2,1,16,https://www.musinsa.com/products/4308176
2026-08-27,어반드레스,4313616,Peter Check Shirt MUSTARD,0.0,0,37400,37400,,0,,,41.66,0,low,19.6,2,1,16,https://www.musinsa.com/products/4313616
2026-08-27,커버낫,4322640,아치 로고 08 크루넥 니트 초콜릿,0.0,0,49500,49500,,0,,,40.01,0,low,21.05,2,1,16,https://www.musinsa.com/products/4322640
2026-08-27,스컬프터,4322896,Beaded Waist Denim Pants Mid Blue,0.0,0,188100,188100,,0,,,44.81,0,low,20.7,2,1,16,https://www.musinsa.com/products/4322896
2026-08-27,디미트리블랙,4326544,NYC 후드 티셔츠_피그먼트 차콜&크림,0.0,0,47900,47900,,0,,,40.01,0,low,21.05,2,1,16,https://www.musinsa.com/products/4326544
2026-08-27,트리밍버드,4344016,2-way Coated Cargo Skirt Warmer [ Black ],0.0,0,94500,94500,,0,,,41.66,0,low,19.6,2,1,16,https://www.musinsa.com/products/4344016
2026-08-27,키뮤어,4348432,빈티지 그래픽 스웻 셔츠_라이트 그레이,0.0,0,41300,41300,,0,,,41.66,0,low,19.6,2,1,16,https://www.musinsa.com/products/4348432
2026-08-27,에스피오나지,4369936,Ray Canvas Work Parka Khaki Beige,0.0,0,73000,73000,,0,,,41.65,0,low,19.6,2,1,16,https://www.musinsa.com/products/4369936
2026-08-27,더바이닐하우스,4370960,WESTERN SALOON HOODIE RED,0.0,0,101180,101180,,0,,,39.99,0,low,21.05,2,1,16,https://www.musinsa.com/products/4370960
2026-08-27,제너럴아이디어,4376720,에센셜 이지 브이넥 티셔츠 [CHARCOAL] / WBD3L01515,0.0,0,27550,27550,,0,,,44.79,0,low,20.7,2,1,16,https://www.musinsa.com/products/4376720
2026-08-27,글로니,4377616,THE PEGGY SHORTS (BLACK),0.0,0,138000,138000,,0,,,41.64,0,low,19.6,2,1,16,https://www.musinsa.com/products/4377616
2026-08-27,더뮤지엄비지터,4385488,PVC HEART PRINTED WALLET (BLACK),0.0,0,37800,37800,,0,,,44.79,0,low,20.7,2,1,16,https://www.musinsa.com/products/4385488
2026-08-27,키르시,4391952,코튼 카고 팬츠 [블랙],0.0,0,54500,54500,,0,,,39.98,0,low,21.05,2,1,16,https://www.musinsa.com/products/4391952
2026-08-27,어반드레스,4393168,Dart Tapered Pants DEEP BLUE,0.0,0,29000,29000,,0,,,41.64,0,low,19.6,2,1,16,https://www.musinsa.com/products/4393168
2026-08-27,플랙,4398608,데님 커버올 자켓 미드 블루,0.0,0,179250,179250,,0,,,39.97,0,low,21.05,2,1,16,https://www.musinsa.com/products/4398608
2026-08-27,프리즘웍스,4422928,OG BOCACI HEAVYWEIGHT HOOD ZIP UP PARKA _ BEIGE,0.0,0,98000,98000,,0,,,41.63,0,low,19.6,2,1,16,https://www.musinsa.com/products/4422928
2026-08-27,제너럴아이디어,4437072,포스트맨 롱 슬리브 티 [VINTAGE KHAKI] / SBD3U01005,0.0,0,40000,40000,,0,,,44.77,0,low,20.7,2,1,16,https://www.musinsa.com/products/4437072
2026-08-27,락케이크,4448720,Overfit Leather Blouson Jacket - Brown,0.0,0,94500,94500,,0,,,43.58,0,low,21.5,2,1,16,https://www.musinsa.com/products/4448720
2026-08-27,스컬프터,4454736,Jacquard Hoodie Zip-Up Dusty Blue,-0.52,-59956,115500,115500,,0,,,44.77,0,low,20.7,2,1,16,https://www.musinsa.com/products/4454736
2026-08-27,브렌슨,4467152,B. 오버핏 카라 스웨트 셔츠 ( 5Color ),0.0,0,34900,34900,,0,,,39.96,0,low,21.06,2,1,16,https://www.musinsa.com/products/4467152
2026-08-27,커버낫,4469328,24FW RDS 씨빅 오리진 숏 푸퍼 블랙,0.0,0,175200,175200,,0,,,39.95,0,low,21.06,2,1,16,https://www.musinsa.com/products/4469328
2026-08-27,워크온바디오프,4480208,하프밀라노 세미 오버핏 베이직 가디건-라이트그레이,0.0,0,29800,29800,,0,,,39.95,0,low,21.06,2,1,16,https://www.musinsa.com/products/4480208
2026-08-27,무센트,4480784,글로우 빈티지 워싱 레더 자켓 (남녀공용),0.0,0,149000,149000,,0,,,39.95,0,low,21.06,2,1,16,https://www.musinsa.com/products/4480784
2026-08-27,드로우핏 우먼,4481552,울 스너그 슬라이드 [MID BROWN],0.0,0,69300,69300,,0,,,43.58,0,low,21.5,2,1,16,https://www.musinsa.com/products/4481552
2026-08-27,제너럴아이디어,4485200,셔링 셔츠 원피스 [BLACK] / WBD4L15510,0.0,0,52250,52250,,0,,,44.76,0,low,20.7,2,1,16,https://www.musinsa.com/products/4485200
2026-08-27,키뮤어,4502352,[WOOL 80] 울리치 더블 피코트_블랙,0.0,0,153300,153300,,0,,,41.6,0,low,19.6,2,1,16,https://www.musinsa.com/products/4502352
2026-08-27,글로니,4517008,G DRAWSTRING SWEATPANTS (IVORY),0.0,0,138000,138000,,0,,,41.6,0,low,19.6,2,1,16,https://www.musinsa.com/products/4517008
2026-08-27,유니폼브릿지,4527376,wool boucle double coat(womens) light beige,0.0,0,199600,199600,,0,,,44.74,0,low,20.7,2,1,16,https://www.musinsa.com/products/4527376
2026-08-27,언더오프,4528336,어센틱 릴렉스드 맨투맨 빈티지고딕 스웨트 블랙,0.0,0,25520,25520,,0,,,39.92,0,low,21.06,2,1,16,https://www.musinsa.com/products/4528336
2026-08-27,제너럴아이디어,4528848,UNISEX 리틀 애니멀 오버핏 기모 후드티 [OATMEAL] / SBD4U02014,0.0,0,62000,62000,,0,,,44.74,0,low,20.7,2,1,16,https://www.musinsa.com/products/4528848
2026-08-27,유니온블루,4537360,HERITAGE WASHED BALL CAP [CHARCOAL],0.0,0,37840,37840,,0,,,44.74,0,low,20.7,2,1,16,https://www.musinsa.com/products/4537360
2026-08-27,칙스,4544912,테린 코듀로이 융기모 팬츠 Black,0.0,0,32720,32720,,0,,,41.6,0,low,19.6,2,1,16,https://www.musinsa.com/products/4544912
2026-08-27,언더오프,4572304,피그먼트 오버핏 유니버시티 후디,0.0,0,39600,39600,,0,,,39.92,0,low,21.06,2,1,16,https://www.musinsa.com/products/4572304
2026-08-27,칙스,4585104,하이넥 레이어드 롱 슬리브 딥브라운,0.0,0,18320,18320,,0,,,41.6,0,low,19.6,2,1,16,https://www.musinsa.com/products/4585104
2026-08-27,시야쥬,4586640,SIKN2129 캐시미어 블렌드 터틀넥 니트_Black,0.0,0,133000,133000,,0,,,39.91,0,low,21.06,2,1,16,https://www.musinsa.com/products/4586640
2026-08-27,유니온블루,4620880,[DESK] OFFICE STRIPE SHIRT [BLACK],0.0,0,75050,75050,,0,,,44.73,0,low,20.7,2,1,16,https://www.musinsa.com/products/4620880
2026-08-27,유니온블루,4630224,HUNTER HEAVY WOOL ROUND CARDIGAN [CHARCOAL],0.0,0,216600,216600,,0,,,44.73,0,low,20.7,2,1,16,https://www.musinsa.com/products/4630224
2026-08-27,키르시,4646288,자카드 니트 폼폼 비니 [네이비],0.0,0,35400,35400,,0,,,39.9,0,low,21.06,2,1,16,https://www.musinsa.com/products/4646288
2026-08-27,더뮤지엄비지터,4660560,PATCHWORK STRING MINI BACKPACK (BLACK),0.52,46462,89600,89600,,0,,,44.72,0,low,20.7,2,1,16,https://www.musinsa.com/products/4660560
2026-08-27,무센트,4662864,그릭 레더 숄더백 남녀공용 (2컬러),3.18,129967,40830,40830,,0,,,39.9,0,low,21.06,2,1,16,https://www.musinsa.com/products/4662864
2026-08-27,무드인사이드,4693840,미니멀 경량 후디드 패딩 자켓 _Black,0.0,0,49900,49900,,0,,,43.56,0,low,21.5,2,1,16,https://www.musinsa.com/products/4693840
2026-08-27,드로우핏 우먼,4697040,리플 스트라이프 코튼 브이넥 니트 [IVORY],0.0,0,66600,66600,,0,,,43.56,0,low,21.5,2,1,16,https://www.musinsa.com/products/4697040
2026-08-27,엘무드,4705552,아일랜드 텐셀 린넨 풀오버 니트 씨솔트,0.0,0,44100,44100,,0,,,39.89,0,low,21.06,2,1,16,https://www.musinsa.com/products/4705552
2026-08-27,헬레네파리스,4705616,엔젤 레터링 큐빅 롱 슬리브 [블랙],0.0,0,34850,34850,,0,,,41.58,0,low,19.6,2,1,16,https://www.musinsa.com/products/4705616
2026-08-27,로템버,4711504,쉐이드 시어서커 체크 셔츠 [CHARCOAL],0.0,0,53010,53010,,0,,,43.55,0,low,21.5,2,1,16,https://www.musinsa.com/products/4711504
2026-08-27,키르시,4716944,키르시 플레인 라인 포인트 케이블 니트 [아이보리],0.0,0,41400,41400,,0,,,39.89,0,low,21.06,2,1,16,https://www.musinsa.com/products/4716944
2026-08-27,칙스,4721744,리맵 롱 슬리브 티셔츠 멜란지,0.0,0,27900,27900,,0,,,41.58,0,low,19.6,2,1,16,https://www.musinsa.com/products/4721744
2026-08-27,일꼬르소,4722704,미니멀 엣지 크롭 블루종 블랙 IEJU5E201BK,0.0,0,109460,109460,,0,,,39.88,0,low,21.06,2,1,16,https://www.musinsa.com/products/4722704
2026-08-27,무센트,4723856,포트 더블 링클 레더 숄더백 남녀공용 (2컬러),0.91,42185,46410,46410,,0,,,39.88,0,low,21.06,2,1,16,https://www.musinsa.com/products/4723856
2026-08-27,칙스,4731856,키튼 니트 후드집업 아이보리,0.0,0,29520,29520,,0,,,41.58,0,low,19.6,2,1,16,https://www.musinsa.com/products/4731856
2026-08-27,아이돈워너셀,4734928,Division Archive Maxi Cap Black/White,0.0,0,47200,47200,,0,,,39.88,0,low,21.06,2,1,16,https://www.musinsa.com/products/4734928
2026-08-27,아웃스탠딩,4736336,REDCROSS VEST_NAVY,0.0,0,36000,36000,,0,,,44.7,0,low,20.7,2,1,16,https://www.musinsa.com/products/4736336
2026-08-27,플랙,4740368,워시드 데님 셔켓 미드 블루,0.0,0,79000,79000,,0,,,39.87,0,low,21.06,2,1,16,https://www.musinsa.com/products/4740368
2026-08-27,칙스,4744144,노팅힐 페미닌 원숄더 롱 슬리브 멜란지,0.0,0,23120,23120,,0,,,41.57,0,low,19.6,2,1,16,https://www.musinsa.com/products/4744144
2026-08-27,시야쥬,4745232,SIPT7143 커브드 트랙 슬랙스_Black,0.0,0,93000,93000,,0,,,39.87,0,low,21.06,2,1,16,https://www.musinsa.com/products/4745232
2026-08-27,제너럴아이디어,4748048,UNISEX 쿨링 롱 슬리브 티 [DUST BLUE] / SBE1U01004,0.0,0,26760,26760,,0,,,44.7,0,low,20.7,2,1,16,https://www.musinsa.com/products/4748048
2026-08-27,키르시,4749392,멜팅 체리 볼캡 [블랙],0.0,0,34300,34300,,0,,,39.86,0,low,21.06,2,1,16,https://www.musinsa.com/products/4749392
2026-08-27,인사일런스,4754256,BDU 카고 팬츠 BLACK,0.0,0,121680,121680,,0,,,39.85,0,low,21.06,2,1,16,https://www.musinsa.com/products/4754256
2026-08-27,락케이크,4754832,Applique R Pocket Jogger - Gray,0.49,26191,53900,53900,,0,,,43.53,0,low,21.5,2,1,16,https://www.musinsa.com/products/4754832
2026-08-27,커버낫,4756496,아치로고 맨투맨 Purple,0.0,0,55300,55300,,0,,,39.85,0,low,21.06,2,1,16,https://www.musinsa.com/products/4756496
2026-08-27,커버낫,4756560,C 로고 후디 Black,0.0,0,38250,38250,,0,,,39.84,0,low,21.06,2,1,16,https://www.musinsa.com/products/4756560
2026-08-27,트래블,4756880,카모 버뮤다 쇼츠,0.0,0,49500,49500,,0,,,43.53,0,low,21.5,2,1,16,https://www.musinsa.com/products/4756880
2026-08-27,노이어,4760976,에센셜 루즈핏 니트 셔츠 (브라운),0.0,0,88000,88000,,0,,,41.57,0,low,19.6,2,1,16,https://www.musinsa.com/products/4760976
2026-08-27,일꼬르소,4769168,에센셜 케이블 카라 반팔 니트 블랙 IESW5E502BK,0.0,0,29400,29400,,0,,,39.83,0,low,21.06,2,1,16,https://www.musinsa.com/products/4769168
2026-08-27,유니폼브릿지,4773008,western denim shirt 6oz(womens) light indigo,0.0,0,55600,55600,,0,,,44.69,0,low,20.7,2,1,16,https://www.musinsa.com/products/4773008
2026-08-27,프리즘웍스,4773328,60/40 MOUNTAIN PARKA 002 _ BLUE,0.0,0,118800,118800,,0,,,41.56,0,low,19.6,2,1,16,https://www.musinsa.com/products/4773328
2026-08-27,헬레네파리스,4781904,[2PACK] 투 팩 올데이 라운드 티셔츠 [블랙/그레이/화이트],0.0,0,18800,18800,,0,,,41.56,0,low,19.6,2,1,16,https://www.musinsa.com/products/4781904
2026-08-27,아이돈워너셀,4782928,Sahara Collar Half-Knit Brown/Beige,0.0,0,69300,69300,,0,,,39.83,0,low,21.06,2,1,16,https://www.musinsa.com/products/4782928
2026-08-27,프리즘웍스,4791760,US ARMED FORCES PULLOVER HOODY _ NAVY,0.0,0,53400,53400,,0,,,41.56,0,low,19.6,2,1,16,https://www.musinsa.com/products/4791760
2026-08-27,커버낫,4797904,패커블 경량 윈드브레이커 자켓 White,0.0,0,83400,83400,,0,,,39.81,0,low,21.06,2,1,16,https://www.musinsa.com/products/4797904
2026-08-27,인사일런스,4798096,워시드 코튼 자켓 BLACK,0.0,0,159200,159200,,0,,,39.81,0,low,21.06,2,1,16,https://www.musinsa.com/products/4798096
2026-08-27,플랙,4804432,코튼 블루종 점퍼 베이지,0.0,0,119000,119000,,0,,,39.81,0,low,21.06,2,1,16,https://www.musinsa.com/products/4804432
2026-08-27,언더오프,4813392,오버핏 맨투맨 스웨트 스포티 유니폼로고 블랙,0.0,0,23120,23120,,0,,,39.8,0,low,21.06,2,1,16,https://www.musinsa.com/products/4813392
2026-08-27,트리밍버드,4814032,Metallic Sparkle Knit Pullover [ Gray ],0.0,0,179000,179000,,0,,,41.55,0,low,19.6,2,1,16,https://www.musinsa.com/products/4814032
2026-08-27,제너럴아이디어,4821456,시그니처 크루넥 풀오버 [WHITE] / WBE1L05521,0.0,0,47000,47000,,0,,,44.67,0,low,20.7,2,1,16,https://www.musinsa.com/products/4821456
2026-08-27,커스텀어클락,4825040,디스트로이드 와이드 데님 팬츠 2 COLOR COOSPT246,-0.45,-9023,19900,19900,,0,,,39.8,0,low,21.06,2,1,16,https://www.musinsa.com/products/4825040
2026-08-27,인사일런스,4825104,크로쉐 칼라 카디건 BLACK,0.0,0,95760,95760,,0,,,39.8,0,low,21.06,2,1,16,https://www.musinsa.com/products/4825104
2026-08-27,제너럴아이디어,4868176,스트라이프 리브드 롱 슬리브 티 [MELANGE GREY] / WBE1L01519,0.0,0,26760,26760,,0,,,44.66,0,low,20.7,2,1,16,https://www.musinsa.com/products/4868176
2026-08-27,디미트리블랙,4872080,바이오 웨스턴 코튼 셔츠_올리브,0.0,0,33300,33300,,0,,,39.77,0,low,21.07,2,1,16,https://www.musinsa.com/products/4872080
2026-08-27,솔트앤초콜릿,4876560,스텔라 스니커즈 412510002 (1.5cm),0.0,0,89250,89250,,0,,,44.66,0,low,20.7,2,1,16,https://www.musinsa.com/products/4876560
2026-08-27,무센트,4879504,에바 백 디테일 굴림 크롭 슬리브리스 나시 (2컬러),0.0,0,27810,27810,,0,,,39.77,0,low,21.07,2,1,16,https://www.musinsa.com/products/4879504
2026-08-27,트리밍버드,4882320,Scratch Damage Wide Sweat Pants [ Charcoal ],0.0,0,179000,179000,,0,,,41.53,0,low,19.61,2,1,16,https://www.musinsa.com/products/4882320
2026-08-27,에이지오디,4896144,브이넥 카라 반소매 셔츠 니트 [블랙],5.34,52875,9900,9900,,0,,,43.5,0,low,21.5,2,1,16,https://www.musinsa.com/products/4896144
2026-08-27,세컨모놀로그,4905552,벌룬핏 나일론 카고 카펜터 밴딩 팬츠 [DUPINK]_SEPT062DUPINK,0.0,0,20650,20650,,0,,,39.76,0,low,21.07,2,1,16,https://www.musinsa.com/products/4905552
2026-08-27,글로니,4907472,TEDDY CONTRAST TRACKSUIT PANTS (2 Colors),0.0,0,158000,158000,,0,,,41.52,0,low,19.61,2,1,16,https://www.musinsa.com/products/4907472
2026-08-27,토피,4912144,크로셰 슬리브리스 (CHARCOAL),0.0,0,21000,21000,,0,,,44.65,0,low,20.7,2,1,16,https://www.musinsa.com/products/4912144
2026-08-27,커버낫,4913936,C 로고 카라 하프 니트 Dark Navy,0.0,0,54450,54450,,0,,,39.76,0,low,21.07,2,1,16,https://www.musinsa.com/products/4913936
2026-08-27,브라운브레스,4921872,BXTS SPREAD LOVE TEE - BLACK,0.0,0,39200,39200,,0,,,43.5,0,low,21.5,2,1,16,https://www.musinsa.com/products/4921872
2026-08-27,제멋,4926928,루나 레글런 벌룬 후드집업 블랙 KJHD2613,0.0,0,49800,49800,,0,,,41.52,0,low,19.61,2,1,16,https://www.musinsa.com/products/4926928
2026-08-27,커버낫,4928848,써퍼 다잉 그래픽 티셔츠 Purple,0.0,0,34520,34520,,0,,,39.75,0,low,21.07,2,1,16,https://www.musinsa.com/products/4928848
2026-08-27,아웃스탠딩,4947088,MIGHTY TIGER TEE(FLYING FORCE)_OFF WHITE,0.52,17393,33600,33600,,0,,,44.64,0,low,20.7,2,1,16,https://www.musinsa.com/products/4947088
2026-08-27,어반드레스,4948816,AMG Denim Shorts LIGHT BLUE,0.51,17737,34900,34900,,0,,,41.52,0,low,19.61,2,1,16,https://www.musinsa.com/products/4948816
2026-08-27,스컬프터,4984656,Sheriff Cut Out Tee Dirty White,0.0,0,49600,49600,,0,,,44.64,0,low,20.7,2,1,16,https://www.musinsa.com/products/4984656
2026-08-27,브라운브레스,4995920,PIGMENT TAG TEE - OLIVE,0.0,0,49000,49000,,0,,,43.49,0,low,21.5,2,1,16,https://www.musinsa.com/products/4995920
2026-08-27,드로우핏 우먼,5006864,반팔 트위드 테일러드 자켓 [BLACK],0.0,0,129600,129600,,0,,,43.49,0,low,21.5,2,1,16,https://www.musinsa.com/products/5006864
2026-08-27,드로우핏 우먼,5007184,에델 퍼프 슬리브 반팔 블라우스 [IVORY],0.0,0,57600,57600,,0,,,43.49,0,low,21.5,2,1,16,https://www.musinsa.com/products/5007184
2026-08-27,드로우핏 우먼,5007888,슬릿 코튼 밴딩 팬츠 [BLACK],0.0,0,59400,59400,,0,,,43.48,0,low,21.5,2,1,16,https://www.musinsa.com/products/5007888
2026-08-27,트래블,5007952,져지 카펜터 버뮤다 쇼츠 네이비,0.0,0,28000,28000,,0,,,43.48,0,low,21.5,2,1,16,https://www.musinsa.com/products/5007952
2026-08-27,스컬프터,5008400,Eyelet Knit Bustier Melange Gray,0.0,0,41600,41600,,0,,,44.63,0,low,20.7,2,1,16,https://www.musinsa.com/products/5008400
2026-08-27,아웃스탠딩,5015056,RIBBED SLEEVELESS_BLACK,0.0,0,25200,25200,,0,,,44.63,0,low,20.7,2,1,16,https://www.musinsa.com/products/5015056
2026-08-27,후브스,5018384,멀티 스트라이프 카라 반팔 티셔츠 [네이비],0.0,0,44000,44000,,0,,,39.72,0,low,21.07,2,1,16,https://www.musinsa.com/products/5018384
2026-08-27,시야쥬,5029712,SIST9050 실키 브리즈 밴딩 스커트_White,0.0,0,66500,66500,,0,,,39.71,0,low,21.07,2,1,16,https://www.musinsa.com/products/5029712
2026-08-27,드로우핏 우먼,5029968,노티드 스트랩 슬라이드 [ORANGE BROWN],0.0,0,69300,69300,,0,,,43.48,0,low,21.5,2,1,16,https://www.musinsa.com/products/5029968
2026-08-27,웬즈데이오아시스,5030736,퓨어 코튼 투턱 숏 팬츠_BLACK(W25-PT03),0.0,0,53900,53900,,0,,,43.47,0,low,21.5,2,1,16,https://www.musinsa.com/products/5030736
2026-08-27,틸아이다이,5034704,Stripe cotton t-shirt TISU02TS01_Ivory,0.0,0,37490,37490,,0,,,44.62,0,low,20.7,2,1,16,https://www.musinsa.com/products/5034704
2026-08-27,커버낫,5047760,C로고 코지 핏 워싱 볼캡 블랙,0.0,0,33350,33350,,0,,,39.69,0,low,21.07,2,1,16,https://www.musinsa.com/products/5047760
2026-08-27,플랙,5059728,빈티지 다잉 슬로건 반팔 티셔츠_2colors,0.0,0,42900,42900,,0,,,39.69,0,low,21.07,2,1,16,https://www.musinsa.com/products/5059728
2026-08-27,칙스,5066256,Mono H-Star 테이프 팬츠 블랙,0.0,0,52900,52900,,0,,,41.49,0,low,19.61,2,1,16,https://www.musinsa.com/products/5066256
2026-08-27,스컬프터,5079056,Emergency Muscle Tank Top White,0.52,29789,57600,57600,,0,,,44.6,0,low,20.7,2,1,16,https://www.musinsa.com/products/5079056
2026-08-27,커버낫,5081936,(W) 어센틱 로고 베이비핏 티셔츠 Light Green,0.0,0,24570,24570,,0,,,39.68,0,low,21.07,2,1,16,https://www.musinsa.com/products/5081936
2026-08-27,몰든,5095440,피그먼트 오버핏 티셔츠,0.0,0,46800,46800,,0,,,43.46,0,low,21.5,2,1,16,https://www.musinsa.com/products/5095440
2026-08-27,언더오프,5099856,[SET] 워터 쿨링 스윔팬츠 + 오버핏 크루넥 슬리브리스,0.0,0,33200,33200,,0,,,39.67,0,low,21.07,2,1,16,https://www.musinsa.com/products/5099856
2026-08-27,인템포무드,5107472,하프 위트 버튼 스트라이프 니트_블랙,0.45,19112,42300,42300,,0,,,39.67,0,low,21.07,2,1,16,https://www.musinsa.com/products/5107472
2026-08-27,무센트,5107600,해머 사이드 포켓 카펜터 스웻 버뮤다 팬츠 남녀공용 (3컬러),0.0,0,37110,37110,,0,,,39.67,0,low,21.07,2,1,16,https://www.musinsa.com/products/5107600
2026-08-27,프리즘웍스,5120592,THUNDER SAUNA LOGO TEE _ BRICK RED,0.0,0,25200,25200,,0,,,41.47,0,low,19.61,2,1,16,https://www.musinsa.com/products/5120592
2026-08-27,제멋,5129616,미니멀 크롭 체크 반팔셔츠 다크그레이 KJSS2641,0.0,0,36900,36900,,0,,,41.47,0,low,19.61,2,1,16,https://www.musinsa.com/products/5129616
2026-08-27,솔트앤초콜릿,5136528,[HAST] 스윗 초콜릿 티셔츠 차콜 4W2521006,0.0,0,47600,47600,,0,,,44.58,0,low,20.7,2,1,16,https://www.musinsa.com/products/5136528
2026-08-27,프리즘웍스,5140816,COVER STITCH PIGMENT DYEING TEE _ NAVY,0.51,12788,25200,25200,,0,,,41.46,0,low,19.61,2,1,16,https://www.musinsa.com/products/5140816
2026-08-27,글로니,5148944,TINKLE BIKINI BOTTOM (3 Colors),0.0,0,39060,39060,,0,,,41.45,0,low,19.61,2,1,16,https://www.musinsa.com/products/5148944
2026-08-27,제멋,5152400,사이드 트랙 원턱 하프팬츠 버건디 OYSP2627,0.0,0,34900,34900,,0,,,41.45,0,low,19.61,2,1,16,https://www.musinsa.com/products/5152400
2026-08-27,노이어,5167504,코튼 피그먼트 포켓 티셔츠 (브라운),0.0,0,37700,37700,,0,,,41.45,0,low,19.61,2,1,16,https://www.musinsa.com/products/5167504
2026-08-27,2000아카이브스,5169744,XCX CROCHET SWEATER (BLACK),0.0,0,112770,112770,,0,,,44.57,0,low,20.7,2,1,16,https://www.musinsa.com/products/5169744
2026-08-27,배드블러드,5176912,컨벡스 버뮤다 팬츠 - 더스티그린카모,0.0,0,116100,116100,,0,,,41.44,0,low,19.61,2,1,16,https://www.musinsa.com/products/5176912
2026-08-27,어반드레스,5186512,Legacy Linkle Check Overfit Rollup Shirt - 2COL,1.01,11625,11460,11460,,0,,,41.44,0,low,19.61,2,1,16,https://www.musinsa.com/products/5186512
2026-08-27,본투윈,5202704,W B-FLEX LONG LEGGINGS [BROWN],0.0,0,76280,76280,,0,,,44.56,0,low,20.7,2,1,16,https://www.musinsa.com/products/5202704
2026-08-27,2000아카이브스,5234640,CONTOUR SCOOP CAMI (WHITE),0.0,0,30240,30240,,0,,,44.56,0,low,20.7,2,1,16,https://www.musinsa.com/products/5234640
2026-08-27,오도어,5239888,It girl tee skirt,0.0,0,91140,91140,,0,,,43.44,0,low,21.5,2,1,16,https://www.musinsa.com/products/5239888
2026-08-27,유니폼브릿지,5260944,button down oxford shirt red stripe,0.0,0,47600,47600,,0,,,44.55,0,low,20.7,2,1,16,https://www.musinsa.com/products/5260944
2026-08-27,테이크이지,5280080,버튼업 후드집업 (연차콜),0.0,0,34500,34500,,0,,,39.64,0,low,21.07,2,1,16,https://www.musinsa.com/products/5280080
2026-08-27,브라운브레스,5298960,WASHING TAG CAP - BLACK,0.0,0,59000,59000,,0,,,43.44,0,low,21.5,2,1,16,https://www.musinsa.com/products/5298960
2026-08-27,프렌다,5303696,PRDA SPRAY BIG PATCH CHECK STAR LONG SLEEVE WHITE,0.0,0,35400,35400,,0,,,43.43,0,low,21.5,2,1,16,https://www.musinsa.com/products/5303696
2026-08-27,썬러브투어,5308304,Cali Shaggy Beanie Grey,0.0,0,34300,34300,,0,,,43.43,0,low,21.51,2,1,16,https://www.musinsa.com/products/5308304
2026-08-27,칙스,5309072,투스타 아플리케 벌룬 팬츠(4 Color / 기모 VER 추가),0.51,24295,47920,47920,,0,,,41.42,0,low,19.61,2,1,16,https://www.musinsa.com/products/5309072
2026-08-27,프리즘웍스,5310736,COVER STITCH SWEAT PANTS _ WHITE MELANGE,0.0,0,46800,46800,,0,,,41.42,0,low,19.61,2,1,16,https://www.musinsa.com/products/5310736
2026-08-27,유니폼브릿지,5310800,zip-up denim work jacket 13oz indigo blue,1.03,61758,59800,59800,,0,,,44.53,0,low,20.7,2,1,16,https://www.musinsa.com/products/5310800
2026-08-27,카키포인트,5311376,Signature Knit Cardigan (charcoal),0.48,46039,95000,95000,,0,,,43.42,0,low,21.51,2,1,16,https://www.musinsa.com/products/5311376
2026-08-27,파르티멘토,5312848,헨리 넥 스트라이프 롱 슬리브 블랙,0.45,14818,32850,32850,,0,,,39.61,0,low,21.07,2,1,16,https://www.musinsa.com/products/5312848
2026-08-27,웬즈데이오아시스,5313040,어텀 패브릭 울 블렌드 니트_GRAY(WC25-KN59),0.0,0,49700,49700,,0,,,43.42,0,low,21.5,2,1,16,https://www.musinsa.com/products/5313040
2026-08-27,엘무드,5316880,[APRÈS 6] LUNE STABLE / VENT AERO 러닝 크루 삭스 (3 SET),0.0,0,27900,27900,,0,,,39.6,0,low,21.07,2,1,16,https://www.musinsa.com/products/5316880
2026-08-27,후브스,5318800,더블 딥 깅엄 체크 셔츠 [차콜],0.0,0,59200,59200,,0,,,39.59,0,low,21.07,2,1,16,https://www.musinsa.com/products/5318800
2026-08-27,에이지오디,5319952,니트 트러커 자켓 [헤더그레이],0.48,20687,42700,42700,,0,,,43.41,0,low,21.51,2,1,16,https://www.musinsa.com/products/5319952
2026-08-27,스컬프터,5322704,Karma Hooded Zip-Up Forest Camo,0.0,0,132000,132000,,0,,,44.53,0,low,20.7,2,1,16,https://www.musinsa.com/products/5322704
2026-08-27,로우클래식,5334160,WASHED LOOSE FIT SWEATPANTS_BLACK [LC267PT05BK],0.51,53845,106250,106250,,0,,,41.4,0,low,19.61,2,1,16,https://www.musinsa.com/products/5334160
2026-08-27,와르,5341072,M1069 스냅 가디건_브라운,0.0,0,56280,56280,,0,,,44.51,0,low,20.7,2,1,16,https://www.musinsa.com/products/5341072
2026-08-27,시야쥬,5342288,SIPT7167 로우라이즈 워시드 코튼 팬츠_Camel beige,0.0,0,92000,92000,,0,,,39.56,0,low,21.07,2,1,16,https://www.musinsa.com/products/5342288
2026-08-27,시야쥬,5342992,SITP5232 PARIS 가오리 컴포트 티셔츠_White melange,0.0,0,59000,59000,,0,,,39.55,0,low,21.07,2,1,16,https://www.musinsa.com/products/5342992
2026-08-27,제너럴아이디어,5359376,UNISEX 레귤러핏 코튼 셔츠 [IVORY] / SBE3U03004,0.0,0,47200,47200,,0,,,44.5,0,low,20.7,2,1,16,https://www.musinsa.com/products/5359376
2026-08-27,세컨모놀로그,5364752,노르딕 위브드 헨리넥 밀리터리 니트 [BEIGE]_SEKT038BEIGE,0.0,0,65000,65000,,0,,,39.53,0,low,21.08,2,1,16,https://www.musinsa.com/products/5364752
2026-08-27,본투윈,5368464,CHROME B MAXI WIDE PANTS [BLACK],0.0,0,109000,109000,,0,,,44.5,0,low,20.7,2,1,16,https://www.musinsa.com/products/5368464
2026-08-27,비바라비다,5369104,Gale 체크 바람막이,0.0,0,54900,54900,,0,,,44.5,0,low,20.7,2,1,16,https://www.musinsa.com/products/5369104
2026-08-27,플리즈노팔로우,5373200,North Wide Sweat Pants (Ivory Cream),0.0,0,189000,189000,,0,,,44.49,0,low,20.7,2,1,16,https://www.musinsa.com/products/5373200
2026-08-27,언더오프,5380496,크롭 후드 집업 워크 자켓 브라운,0.0,0,49900,49900,,0,,,39.52,0,low,21.08,2,1,16,https://www.musinsa.com/products/5380496
2026-08-27,프리즘웍스,5381328,POCKET LOOP SHIRT _ GRAY,0.0,0,76300,76300,,0,,,41.4,0,low,19.61,2,1,16,https://www.musinsa.com/products/5381328
2026-08-27,드로우핏 우먼,5382544,패치 포켓 세미 와이드 데님 팬츠 [BLACK],0.0,0,66600,66600,,0,,,43.4,0,low,21.51,2,1,16,https://www.musinsa.com/products/5382544
2026-08-27,언더오프,5385104,어센틱 릴렉스드 캘리 맨투맨 스웨트 블랙,0.0,0,23120,23120,,0,,,39.52,0,low,21.08,2,1,16,https://www.musinsa.com/products/5385104
2026-08-27,칙스,5386320,컨피던스 브이넥 롱 슬리브 멜란지,2.53,68700,27120,27120,,0,,,41.4,0,low,19.61,2,1,16,https://www.musinsa.com/products/5386320
2026-08-27,토피,5387408,턱 커브드 데님 팬츠 (WASHED BLACK),0.52,21150,41000,41000,,0,,,44.49,0,low,20.7,2,1,16,https://www.musinsa.com/products/5387408
2026-08-27,더뮤지엄비지터,5392144,TMV PANDA BALLCAP (BLACK),0.0,0,29250,29250,,0,,,44.49,0,low,20.7,2,1,16,https://www.musinsa.com/products/5392144
2026-08-27,유니폼브릿지,5393488,hickory double knee pants 10oz black,0.0,0,47710,47710,,0,,,44.48,0,low,20.7,2,1,16,https://www.musinsa.com/products/5393488
2026-08-27,유니폼브릿지,5393552,wide slacks(womens) grey,0.0,0,55600,55600,,0,,,44.48,0,low,20.7,2,1,16,https://www.musinsa.com/products/5393552
2026-08-27,트리밍버드,5393680,Blended Texture Knit Pullover [ Black ],0.0,0,219000,219000,,0,,,41.39,0,low,19.61,2,1,16,https://www.musinsa.com/products/5393680
2026-08-27,브라운브레스,5396880,PAISLEY TAG LONGSLEEVE - BROWN,0.48,21354,44100,44100,,0,,,43.39,0,low,21.51,2,1,16,https://www.musinsa.com/products/5396880
2026-08-27,카네이테이,5404944,KN-DEPT HOODIE (BLACK),0.0,0,71200,71200,,0,,,44.48,0,low,20.7,2,1,16,https://www.musinsa.com/products/5404944
2026-08-27,다이브인,5411984,LOOSED TWISTED DENIM PANTS (BLUE),0.0,0,109000,109000,,0,,,39.49,0,low,21.08,2,1,16,https://www.musinsa.com/products/5411984
2026-08-27,아이돈워너셀,5419600,Viego Corduroy Balloon Pants Dark Indigo,0.45,46400,103200,103200,,0,,,39.49,0,low,21.08,2,1,16,https://www.musinsa.com/products/5419600
2026-08-27,배드블러드,5424976,미스틱 캡슐 1/2 티셔츠 슬림핏 - 다크리얼트리,0.0,0,61920,61920,,0,,,41.37,0,low,19.61,2,1,16,https://www.musinsa.com/products/5424976
2026-08-27,2000아카이브스,5448848,EYELET BOLERO SET-UP (BLACK),0.0,0,86940,86940,,0,,,44.47,0,low,20.7,2,1,16,https://www.musinsa.com/products/5448848
2026-08-27,스컬프터,5451920,Wool Micro Wrap Skirt Gray,0.0,0,159300,159300,,0,,,44.46,0,low,20.7,2,1,16,https://www.musinsa.com/products/5451920
2026-08-27,스컬프터,5452368,Wool Trooper Hat Blue Gray,0.0,0,105600,105600,,0,,,44.46,0,low,20.7,2,1,16,https://www.musinsa.com/products/5452368
2026-08-27,인템포무드,5461648,부쉬맨 와이드 플레어 팬츠_2컬러,0.0,0,74200,74200,,0,,,39.48,0,low,21.08,2,1,16,https://www.musinsa.com/products/5461648
2026-08-27,인템포무드,5461840,스큐 집업 후디_그레이,0.0,0,68600,68600,,0,,,39.48,0,low,21.08,2,1,16,https://www.musinsa.com/products/5461840
2026-08-27,미나브,5472464,골지 크롭 롱 슬리브 [아이보리],0.0,0,31900,31900,,0,,,43.38,0,low,21.51,2,1,16,https://www.musinsa.com/products/5472464
2026-08-27,더뮤지엄비지터,5478288,TMV X DEINET PVC POUCH (WHITE),0.0,0,36400,36400,,0,,,44.45,0,low,20.7,2,1,16,https://www.musinsa.com/products/5478288
2026-08-27,커버낫,5480528,[최윤지 착용] 웜온 아치로고 플리스 후디 Ivory,0.0,0,76300,76300,,0,,,39.47,0,low,21.08,2,1,16,https://www.musinsa.com/products/5480528
2026-08-27,언더오프,5496272,오버핏 세미 크롭 스냅 후드 차콜,0.0,0,41900,41900,,0,,,39.46,0,low,21.08,2,1,16,https://www.musinsa.com/products/5496272
2026-08-27,제너럴아이디어,5510928,이지 크루넥 풀오버 니트 [MELANGE GREY] / WBE4L05523,0.0,0,26400,26400,,0,,,44.44,0,low,20.7,2,1,16,https://www.musinsa.com/products/5510928
2026-08-27,무센트,5521488,바리치온 라운드넥 가디건 (3컬러),0.0,0,49900,49900,,0,,,39.45,0,low,21.08,2,1,16,https://www.musinsa.com/products/5521488
2026-08-27,일꼬르소,5531088,워시드 에센셜 후드 티셔츠 아이보리 IETS5F202IV,0.0,0,53400,53400,,0,,,39.45,0,low,21.08,2,1,16,https://www.musinsa.com/products/5531088
2026-08-27,칙스,5542224,쿠쉬 코듀로이 누빔 자켓 블랙,0.0,0,44720,44720,,0,,,41.34,0,low,19.61,2,1,16,https://www.musinsa.com/products/5542224
2026-08-27,시야쥬,5544592,SIPT7173 로우라이즈 얼반 코튼 팬츠_Beige,0.0,0,103000,103000,,0,,,39.44,0,low,21.08,2,1,16,https://www.musinsa.com/products/5544592
2026-08-27,브렌슨,5545808,로우 스톤 와이드 데님 팬츠 ( 샌드 베이지 ),0.0,0,49900,49900,,0,,,39.44,0,low,21.08,2,1,16,https://www.musinsa.com/products/5545808
2026-08-27,플리즈노팔로우,5546192,Alexa Ston Pants (Black),0.0,0,185300,185300,,0,,,44.44,0,low,20.7,2,1,16,https://www.musinsa.com/products/5546192
2026-08-27,플리즈노팔로우,5546320,Meli Lace Shirring Sleeveless Top (White),0.0,0,41650,41650,,0,,,44.43,0,low,20.7,2,1,16,https://www.musinsa.com/products/5546320
2026-08-27,브라운브레스,5554896,TAG CORDUROY PADDED HOOD ZIP UP - BLACK,0.0,0,135200,135200,,0,,,43.36,0,low,21.51,2,1,16,https://www.musinsa.com/products/5554896
2026-08-27,드로우핏 우먼,5559568,래빗 앙고라 울 발마칸 롱 코트 [BLACK],0.0,0,274500,274500,,0,,,43.36,0,low,21.51,2,1,16,https://www.musinsa.com/products/5559568
2026-08-27,드로우핏 우먼,5560464,토스티 기모 부츠컷 슬랙스 [CHARCOAL],0.0,0,73800,73800,,0,,,43.36,0,low,21.51,2,1,16,https://www.musinsa.com/products/5560464
2026-08-27,드로우핏 우먼,5560784,스티치 리브드 롱 머플러 [M.GREY],0.0,0,37800,37800,,0,,,43.36,0,low,21.51,2,1,16,https://www.musinsa.com/products/5560784
2026-08-27,어반드레스,5567824,Albert Overfit Check Shirt Jacket GREY,0.0,0,46000,46000,,0,,,41.33,0,low,19.61,2,1,16,https://www.musinsa.com/products/5567824
2026-08-27,바이젝,5568528,테리 라인 스웨트 팬츠_2Color,0.0,0,85500,85500,,0,,,39.42,0,low,21.09,2,1,16,https://www.musinsa.com/products/5568528
2026-08-27,유니폼브릿지,5581328,collar rugby knit black,0.0,0,79500,79500,,0,,,44.42,0,low,20.7,2,1,16,https://www.musinsa.com/products/5581328
2026-08-27,제너럴아이디어,5585424,페어아일 니트 베스트 [BROWN] / WBE4L06541,0.0,0,42750,42750,,0,,,44.41,0,low,20.7,2,1,16,https://www.musinsa.com/products/5585424
2026-08-27,제너럴아이디어,5587664,메탈 믹스 부클 미디 스커트 [BROWN] / WBE4L54540,0.0,0,55200,55200,,0,,,44.41,0,low,20.7,2,1,16,https://www.musinsa.com/products/5587664
2026-08-27,1993스튜디오,5589008,90S 트랙 스웨트셔츠 (9colors),1.35,80080,59500,59500,,0,,,39.42,0,low,21.09,2,1,16,https://www.musinsa.com/products/5589008
2026-08-27,웬즈데이오아시스,5593424,바시티 울 블렌드 투웨이 니트 집업_BEIGE(WC25-KN42),0.0,0,90300,90300,,0,,,43.34,0,low,21.51,2,1,16,https://www.musinsa.com/products/5593424
2026-08-27,웬즈데이오아시스,5593744,레이어드 하프넥 폴라티셔츠_3COLOR (W25-TP52),0.0,0,30800,30800,,0,,,43.34,0,low,21.51,2,1,16,https://www.musinsa.com/products/5593744
2026-08-27,파르티멘토,5597328,레이어드 후드 레더 퀄티드 자켓 블랙,0.0,0,87300,87300,,0,,,39.41,0,low,21.09,2,1,16,https://www.musinsa.com/products/5597328
2026-08-27,틸아이다이,5608208,Classic collar point quilting jumper [TIWT02JP02]_2color,0.0,0,175190,175190,,0,,,44.41,0,low,20.7,2,1,16,https://www.musinsa.com/products/5608208
2026-08-27,브라운브레스,5616016,STITCH FLEECE HOODIE - BLACK,0.0,0,89100,89100,,0,,,43.34,0,low,21.51,2,1,16,https://www.musinsa.com/products/5616016
2026-08-27,제너럴아이디어,5616720,UNISEX 클래식 아플리케 루즈핏 맨투맨 [BURGUNDY] / SBE3U02009,0.0,0,57600,57600,,0,,,44.41,0,low,20.7,2,1,16,https://www.musinsa.com/products/5616720
2026-08-27,언더오프,5629904,피치스킨 에센셜 컬러 배색 리퍼블릭 기모 후디,0.0,0,29520,29520,,0,,,39.41,0,low,21.09,2,1,16,https://www.musinsa.com/products/5629904
2026-08-27,제너럴아이디어,5648144,홀가먼트 울 모크넥 니트 풀오버 [MELANGE GREY] / WBE4L05543,0.0,0,55200,55200,,0,,,44.39,0,low,20.7,2,1,16,https://www.musinsa.com/products/5648144
2026-08-27,언더오프,5648272,래글런 푸퍼 패딩 점퍼 블랙,0.0,0,49500,49500,,0,,,39.4,0,low,21.09,2,1,16,https://www.musinsa.com/products/5648272
2026-08-27,제너럴아이디어,5652432,빈티지 코듀로이 팬츠 [WINE] / WBE4L11511,0.0,0,55200,55200,,0,,,44.39,0,low,20.7,2,1,16,https://www.musinsa.com/products/5652432
2026-08-27,더바이닐하우스,5668944,SPACE YIN YANG MUG CANDLE BLACK,0.0,0,23200,23200,,0,,,39.39,0,low,21.09,2,1,16,https://www.musinsa.com/products/5668944
2026-08-27,더바이닐하우스,5672144,REVERSED CUT-OFF HOODIE BLACK,0.0,0,89940,89940,,0,,,39.39,0,low,21.09,2,1,16,https://www.musinsa.com/products/5672144
2026-08-27,테이크이지,5677840,커브드 배럴핏 스웻팬츠 (멜란지그레이),0.0,0,32900,32900,,0,,,39.39,0,low,21.09,2,1,16,https://www.musinsa.com/products/5677840
2026-08-27,제너럴아이디어,5678800,울 블렌드 페이크 퍼 더플 자켓 [CAMEL] / WBE4L07534,0.0,0,184000,184000,,0,,,44.38,0,low,20.7,2,1,16,https://www.musinsa.com/products/5678800
2026-08-27,제너럴아이디어,5682192,넥 워머 루즈핏 부클 니트 [IVORY] / WBE4L05550,0.0,0,49300,49300,,0,,,44.38,0,low,20.7,2,1,16,https://www.musinsa.com/products/5682192
2026-08-27,아모우,5701584,Lettering Volume Semi Crop Hoodie BROWN,0.0,0,52500,52500,,0,,,41.3,0,low,19.61,2,1,16,https://www.musinsa.com/products/5701584
2026-08-27,제너럴아이디어,5722000,UNISEX 소프트 하이넥 플리스 아노락 세트[BEIGE] / SBE4U02010,0.0,0,65600,65600,,0,,,44.36,0,low,20.7,2,1,16,https://www.musinsa.com/products/5722000
2026-08-27,언더오프,5728720,피치스킨 에센셜 빈티지USA 기모 맨투맨 네이비,0.0,0,34900,34900,,0,,,39.38,0,low,21.09,2,1,16,https://www.musinsa.com/products/5728720
2026-08-27,바이모노,5730768,[빅사이즈 32-42] 모노 리얼 롱롱이 와이드 밴딩팬츠,0.0,0,49900,49900,,0,,,39.38,0,low,21.09,2,1,16,https://www.musinsa.com/products/5730768
2026-08-27,바이모노,5734672,[빅사이즈 M-8XL] 모노 탄탄 솔리드 투웨이 빅후드 집업,0.0,0,49900,49900,,0,,,39.37,0,low,21.09,2,1,16,https://www.musinsa.com/products/5734672
2026-08-27,더뮤지엄비지터,5767760,PADDED TROOPER HAT (LIGHT GREY),0.0,0,57850,57850,,0,,,44.36,0,low,20.7,2,1,16,https://www.musinsa.com/products/5767760
2026-08-27,바이모노,5771536,[빅사이즈 M-8XL] 쏙쏙숨티 구김zero 자동넣입 긴팔티(ver.발열기모),0.0,0,32900,32900,,0,,,39.36,0,low,21.09,2,1,16,https://www.musinsa.com/products/5771536
2026-08-27,제멋,5777616,로그 오버핏 기모 후드 버건디 YHHD2302,0.0,0,37900,37900,,0,,,41.29,0,low,19.61,2,1,16,https://www.musinsa.com/products/5777616
2026-08-27,바이모노,5804816,[빅사이즈 XL-6XL] 모노 인생 투포켓 집업 자켓,0.0,0,69900,69900,,0,,,39.36,0,low,21.09,2,1,16,https://www.musinsa.com/products/5804816
2026-08-27,무센트,5865680,사르 호피 엔젤 후드 집업 남녀공용 (2컬러),0.0,0,59900,59900,,0,,,39.35,0,low,21.09,2,1,16,https://www.musinsa.com/products/5865680
2026-08-27,키르시,5869392,스몰 체리 스탠다드핏 니트 [화이트],0.0,0,48300,48300,,0,,,39.34,0,low,21.09,2,1,16,https://www.musinsa.com/products/5869392
2026-08-27,브라운브레스,5878480,CRACKED TAG CREWNECK - BLACK,0.0,0,79000,79000,,0,,,43.32,0,low,21.51,2,1,16,https://www.musinsa.com/products/5878480
2026-08-27,그루브라임,5879888,3단쭈리 미니 자전거 그래픽 오버핏 맨투맨 (HRTSCTM103M),0.0,0,28900,28900,,0,,,43.31,0,low,21.51,2,1,16,https://www.musinsa.com/products/5879888
2026-08-27,드로우핏 우먼,5885584,울 코튼 세미 더블 테일러드 블레이저 [BLACK],0.0,0,159300,159300,,0,,,43.31,0,low,21.51,2,1,16,https://www.musinsa.com/products/5885584
2026-08-27,아웃스탠딩,5885904,BRUSHED WOOL ROUND NECK CARDIGAN_BLACK,0.0,0,97200,97200,,0,,,44.34,0,low,20.7,2,1,16,https://www.musinsa.com/products/5885904
2026-08-27,플랙,5898960,브이넥 풀오버 니트,0.0,0,55200,55200,,0,,,39.33,0,low,21.09,2,1,16,https://www.musinsa.com/products/5898960
2026-08-27,테이크이지,5901776,에센셜 와이드 스웻팬츠 (멜란지그레이),0.0,0,27000,27000,,0,,,39.32,0,low,21.09,2,1,16,https://www.musinsa.com/products/5901776
2026-08-27,키뮤어,5903184,슬림 웨스턴 아일렛 벨트_브라운,0.0,0,23400,23400,,0,,,41.27,0,low,19.61,2,1,16,https://www.musinsa.com/products/5903184
2026-08-27,에이지오디,5909712,오블리크 후드 윈드 브레이커 [스카이 블루],3.86,143757,37200,37200,,0,,,43.29,0,low,21.51,2,1,16,https://www.musinsa.com/products/5909712
2026-08-27,스컬프터,5909968,Pill Denim Pants Indigo Blue,0.0,0,206100,206100,,0,,,44.32,0,low,20.7,2,1,16,https://www.musinsa.com/products/5909968
2026-08-27,에이지오디,5911376,사이드 턱 커브드 스웨트 팬츠 [화이트 멜란지],0.0,0,38400,38400,,0,,,43.28,0,low,21.51,2,1,16,https://www.musinsa.com/products/5911376
2026-08-27,커버낫,5913872,플래그 그래픽 후디 라이트 블루,0.0,0,69300,69300,,0,,,39.31,0,low,21.09,2,1,16,https://www.musinsa.com/products/5913872
2026-08-27,어널러코드,5919440,브루니 커브드 데님팬츠 (중청),0.0,0,39200,39200,,0,,,41.27,0,low,19.61,2,1,16,https://www.musinsa.com/products/5919440
2026-08-27,배드블러드,5923152,Titan Stroke Baggy Joggers - Black,0.5,57804,114480,114480,,0,,,41.26,0,low,19.61,2,1,16,https://www.musinsa.com/products/5923152
2026-08-27,유니폼브릿지,5923856,open collar check shirt grey,0.0,0,79500,79500,,0,,,44.31,0,low,20.7,2,1,16,https://www.musinsa.com/products/5923856
2026-08-27,헬레네파리스,5925392,워시드 로고 니들 파라슈트 밴딩 팬츠 [딥 카키],0.0,0,44800,44800,,0,,,41.25,0,low,19.61,2,1,16,https://www.musinsa.com/products/5925392
2026-08-27,헬레네파리스,5925776,MOMENT 아트워크 다잉 오버핏 티셔츠 [다잉 그레이],0.0,0,39600,39600,,0,,,41.25,0,low,19.61,2,1,16,https://www.musinsa.com/products/5925776
2026-08-27,브라운브레스,5930128,W TAG COATING JACKET - BLACK,0.0,0,129000,129000,,0,,,43.28,0,low,21.51,2,1,16,https://www.musinsa.com/products/5930128
2026-08-27,워크온바디오프,5930640,이지온 세미 오버핏 라운드넥 니트 [네이비],0.0,0,33900,33900,,0,,,39.3,0,low,21.09,2,1,16,https://www.musinsa.com/products/5930640
2026-08-27,브라운브레스,5930704,TAG HOOD ZIP UP - MELANGE GREY,0.0,0,99000,99000,,0,,,43.28,0,low,21.51,2,1,16,https://www.musinsa.com/products/5930704
2026-08-27,워크온바디오프,5930768,오르디 세미 와이드 코튼 치노 팬츠 [크림],0.0,0,68900,68900,,0,,,39.3,0,low,21.09,2,1,16,https://www.musinsa.com/products/5930768
2026-08-27,에스피오나지,5936144,Commando Knit Sweater Dusty Navy,0.0,0,72800,72800,,0,,,41.24,0,low,19.61,2,1,16,https://www.musinsa.com/products/5936144
2026-08-27,루에브르,5941520,Flottant Hobo Large FA6SB360-FH,0.0,0,329000,329000,,0,,,43.26,0,low,21.51,2,1,16,https://www.musinsa.com/products/5941520
2026-08-27,커버낫,5944720,세미와이드 플루이드 이지 팬츠 차콜,0.0,0,107100,107100,,0,,,39.3,0,low,21.09,2,1,16,https://www.musinsa.com/products/5944720
2026-08-27,커버낫,5944784,옴브레 체크 셔츠 아이보리,0.0,0,98100,98100,,0,,,39.29,0,low,21.09,2,1,16,https://www.musinsa.com/products/5944784
2026-08-27,루에브르,5949776,Coquille Double HA6SK024-15,0.0,0,35400,35400,,0,,,43.26,0,low,21.51,2,1,16,https://www.musinsa.com/products/5949776
2026-08-27,그루브라임,5951056,COMPLEX SWEATSHIRT (LRSFCTM730M),0.0,0,12900,12900,,0,,,43.26,0,low,21.51,2,1,16,https://www.musinsa.com/products/5951056
2026-08-27,카키포인트,5951696,Steel Stud Sweat Pants (white),0.0,0,128400,128400,,0,,,43.25,0,low,21.51,2,1,16,https://www.musinsa.com/products/5951696
2026-08-27,프리즘웍스,5958416,1920S OXFORD WORK SHIRT _ GREEN,0.0,0,109000,109000,,0,,,41.23,0,low,19.61,2,1,16,https://www.musinsa.com/products/5958416
2026-08-27,다이브인,5960208,WASHED LAMBSKIN HIGH NECK LEATHER JACKET (BLACK),0.0,0,390000,390000,,0,,,39.28,0,low,21.09,2,1,16,https://www.musinsa.com/products/5960208
2026-08-27,트래블,5960848,그레인 체크 후드 집업 자켓 아이보리,0.0,0,101400,101400,,0,,,43.25,0,low,21.51,2,1,16,https://www.musinsa.com/products/5960848
2026-08-27,그루브라임,5962064,USA-5 CAP (GC011E23),0.0,0,13900,13900,,0,,,43.24,0,low,21.51,2,1,16,https://www.musinsa.com/products/5962064
2026-08-27,제너럴아이디어,5966864,미니멀 H라인 롱스커트 [TAUPE] / WBE1L13505,0.0,0,45600,45600,,0,,,44.28,0,low,20.7,2,1,16,https://www.musinsa.com/products/5966864
2026-08-27,브라운브레스,5968208,5 PANEL BB LOGO VINTAGE CAP - BLACK,0.0,0,39200,39200,,0,,,43.23,0,low,21.51,2,1,16,https://www.musinsa.com/products/5968208
2026-08-27,비바라비다,5969360,Mess 헤비테리 후드,0.0,0,59900,59900,,0,,,44.28,0,low,20.7,2,1,16,https://www.musinsa.com/products/5969360
2026-08-27,더뮤지엄비지터,5973264,NYLON CURVED ZIPPER WINDBREAKER (BLACK),0.0,0,109850,109850,,0,,,44.27,0,low,20.7,2,1,16,https://www.musinsa.com/products/5973264
2026-08-27,엘무드,5973712,마리너 실크 타이 네이비 스트라이프,0.0,0,58500,58500,,0,,,39.26,0,low,21.09,2,1,16,https://www.musinsa.com/products/5973712
2026-08-27,제멋,5973968,로그 와이드 기모 스웨트팬츠 그레이 KJLP2685,0.0,0,33900,33900,,0,,,41.23,0,low,19.61,2,1,16,https://www.musinsa.com/products/5973968
2026-08-27,시야쥬,5976208,SITP5252 MIDNIGHT AURORA 맨투맨_Red,0.0,0,89000,89000,,0,,,39.25,0,low,21.09,2,1,16,https://www.musinsa.com/products/5976208
2026-08-27,플리즈노팔로우,5976976,Kane Lace Long Sleeve Top (Pale Violet),0.51,37515,73100,73100,,0,,,44.26,0,low,20.7,2,1,16,https://www.musinsa.com/products/5976976
2026-08-27,토피,5979920,포켓 코튼 하프 셔츠 (WASHED BLACK),0.0,0,28900,28900,,0,,,44.26,0,low,20.7,2,1,16,https://www.musinsa.com/products/5979920
2026-08-27,몽돌,5982928,플레어 후디드 윈드 브레이커 화이트 MDJP027WHITE,0.0,0,65400,65400,,0,,,44.25,0,low,20.7,2,1,16,https://www.musinsa.com/products/5982928
2026-08-27,노이어,5988240,80s 클래식 원 턱 와이드 슬랙스 (그레이),0.0,0,115500,115500,,0,,,41.23,0,low,19.61,2,1,16,https://www.musinsa.com/products/5988240
2026-08-27,인사일런스,5993360,허니콤 데님 팬츠 MID BLUE,0.0,0,129000,129000,,0,,,39.23,0,low,21.1,2,1,16,https://www.musinsa.com/products/5993360
2026-08-27,아웃스탠딩,5996688,[LOONEY TUNES] CHARACTER KEYRING_BUGS BUNNY,0.0,0,18000,18000,,0,,,44.24,0,low,20.7,2,1,16,https://www.musinsa.com/products/5996688
2026-08-27,프렌다,5997712,CHECK STAR DOT LONG SLEEVE BLACK,0.0,0,31200,31200,,0,,,43.22,0,low,21.51,2,1,16,https://www.musinsa.com/products/5997712
2026-08-27,후브스,5998288,레더포켓 커브드 데님 팬츠[논페이드블랙],0.0,0,68000,68000,,0,,,39.22,0,low,21.1,2,1,16,https://www.musinsa.com/products/5998288
2026-08-27,브렌슨,6002384,컴포터블 릴렉스핏 셔츠 ( 6Color ),0.0,0,39900,39900,,0,,,39.22,0,low,21.1,2,1,16,https://www.musinsa.com/products/6002384
2026-08-27,파르티멘토,6005648,[14oz] 스트레이트 데님 팬츠 블루,0.0,0,67590,67590,,0,,,39.21,0,low,21.1,2,1,16,https://www.musinsa.com/products/6005648
2026-08-27,더바이닐하우스,6006992,WASHED MILITARY CARGO PANTS(W) BEIGE,0.0,0,130400,130400,,0,,,39.21,0,low,21.1,2,1,16,https://www.musinsa.com/products/6006992
2026-08-27,더바이닐하우스,6008784,STITCH HOODIE ZIP-UP DEEP GREY,0.0,0,111300,111300,,0,,,39.21,0,low,21.1,2,1,16,https://www.musinsa.com/products/6008784
2026-08-27,더바이닐하우스,6008848,M-65 FIELD JACKET CHARCOAL,0.0,0,208080,208080,,0,,,39.21,0,low,21.1,2,1,16,https://www.musinsa.com/products/6008848
2026-08-27,솔트앤초콜릿,6010448,해리스 페니 로퍼 412619005(2.2cm),0.0,0,59400,59400,,0,,,44.24,0,low,20.7,2,1,16,https://www.musinsa.com/products/6010448
2026-08-27,칙스,6015312,커브드 벌룬 스웻팬츠 멜란지,0.0,0,27920,27920,,0,,,41.22,0,low,19.61,2,1,16,https://www.musinsa.com/products/6015312
2026-08-27,무센트,6016976,라피아 브이넥 7부 티 (2컬러),0.0,0,46410,46410,,0,,,39.2,0,low,21.1,2,1,16,https://www.musinsa.com/products/6016976
2026-08-27,트리밍버드,6018512,Slim-Fit Ribbed Short Sleeve T-Shirt [ Black ],0.0,0,53000,53000,,0,,,41.21,0,low,19.61,2,1,16,https://www.musinsa.com/products/6018512
2026-08-27,일꼬르소,6034128,코어 와플 후드 집업  블랙,0.0,0,71280,71280,,0,,,39.19,0,low,21.1,2,1,16,https://www.musinsa.com/products/6034128
2026-08-27,더뮤지엄비지터,6034896,ART GRAPHIC T-SHIRTS (CHARCOAL),0.0,0,89000,89000,,0,,,44.24,0,low,20.7,2,1,16,https://www.musinsa.com/products/6034896
2026-08-27,인사일런스,6038224,가먼트다이드 드리즐러 자켓 FADED BEIGE,0.0,0,189000,189000,,0,,,39.19,0,low,21.1,2,1,16,https://www.musinsa.com/products/6038224
2026-08-27,본투윈,6042384,W HALFTONE LOGO OVER FIT LONG SLEEVE [BLACK],1.03,45237,44100,44100,,0,,,44.23,0,low,20.7,2,1,16,https://www.musinsa.com/products/6042384
2026-08-27,썬러브투어,6044688,W Field Wrap Skirt Charcoal,0.0,0,94500,94500,,0,,,43.21,0,low,21.51,2,1,16,https://www.musinsa.com/products/6044688
2026-08-27,프리즘웍스,6044944,SLUB HENLEY NECK L/S TEE _ CHARCOAL,0.0,0,48300,48300,,0,,,41.2,0,low,19.62,2,1,16,https://www.musinsa.com/products/6044944
2026-08-27,시야쥬,6047248,SIAC3112 에어리 롱 스카프_Light beige,0.0,0,43000,43000,,0,,,39.19,0,low,21.1,2,1,16,https://www.musinsa.com/products/6047248
2026-08-27,시야쥬,6047312,SITP5257 SUNWELL 도비 체크 레귤러 셔츠_Blue,0.0,0,159000,159000,,0,,,39.18,0,low,21.1,2,1,16,https://www.musinsa.com/products/6047312
2026-08-27,무센트,6051536,코른 크로스 레더 패치 비니 남녀공용,0.0,0,29900,29900,,0,,,39.18,0,low,21.1,2,1,16,https://www.musinsa.com/products/6051536
2026-08-27,커버낫,6054352,레귤러 퍼티그 숏 데님 쇼츠 블랙,0.0,0,63200,63200,,0,,,39.17,0,low,21.1,2,1,16,https://www.musinsa.com/products/6054352
2026-08-27,커버낫,6054480,아트웍 그래픽 6 PANEL 캡 네이비,0.0,0,39200,39200,,0,,,39.16,0,low,21.1,2,1,16,https://www.musinsa.com/products/6054480
2026-08-27,엘무드,6056080,레인 텐셀 셔츠 화이트,0.0,0,84960,84960,,0,,,39.16,0,low,21.1,2,1,16,https://www.musinsa.com/products/6056080
2026-08-27,파르티멘토,6058192,돌먼 드로우스트링 롱 슬리브 브라운,0.0,0,51120,51120,,0,,,39.16,0,low,21.1,2,1,16,https://www.musinsa.com/products/6058192
2026-08-27,다이브인,6060752,LAYERED WASHING LONG SLEEVE (BLACK),0.0,0,59000,59000,,0,,,39.16,0,low,21.1,2,1,16,https://www.musinsa.com/products/6060752
2026-08-27,플리즈노팔로우,6067792,25Vintage Washing Boots-Cut Denim (Light Blue),0.0,0,117600,117600,,0,,,44.22,0,low,20.7,2,1,16,https://www.musinsa.com/products/6067792
2026-08-27,플리즈노팔로우,6067856,Marcia Unbal Drape Long Sleeve Top (Silver Grey),0.0,0,70400,70400,,0,,,44.21,0,low,20.7,2,1,16,https://www.musinsa.com/products/6067856
2026-08-27,에스피오나지,6070672,Athletic Track Jacket Grey,0.0,0,113760,113760,,0,,,41.19,0,low,19.62,2,1,16,https://www.musinsa.com/products/6070672
2026-08-27,더바이닐하우스,6075344,GRUNGE PAINTED DENIM PANTS LIGHT BLUE,0.0,0,120140,120140,,0,,,39.15,0,low,21.1,2,1,16,https://www.musinsa.com/products/6075344
2026-08-27,일꼬르소,6079952,스트럭처 드리즐러 자켓 베이지,0.0,0,136080,136080,,0,,,39.14,0,low,21.1,2,1,16,https://www.musinsa.com/products/6079952
2026-08-27,유니폼브릿지,6081424,M43 short pants(womens) black,0.0,0,64500,64500,,0,,,44.2,0,low,20.7,2,1,16,https://www.musinsa.com/products/6081424
2026-08-27,칙스,6084368,시어 후드 오버 가디건 블랙,0.5,17292,34320,34320,,0,,,41.18,0,low,19.62,2,1,16,https://www.musinsa.com/products/6084368
2026-08-27,테이크이지,6091344,피그먼트 포켓 하프 티셔츠 - 3 COLOR,0.45,8858,19900,19900,,0,,,39.14,0,low,21.1,2,1,16,https://www.musinsa.com/products/6091344
2026-08-27,배드블러드,6092048,BAD Mini Logo Fitted Long Sleeve T-Shirt - Black,1.01,64479,63990,63990,,0,,,41.18,0,low,19.62,2,1,16,https://www.musinsa.com/products/6092048
2026-08-27,노이어,6104272,플라워 자카드 루즈핏 셔츠 (브라운),0.0,0,96700,96700,,0,,,41.17,0,low,19.62,2,1,16,https://www.musinsa.com/products/6104272
2026-08-27,오퍼스 0012,6122448,Op. 08 SENSORY SWEAT PANTS BLACK,0.0,0,116100,116100,,0,,,44.18,0,low,20.7,2,1,16,https://www.musinsa.com/products/6122448
2026-08-27,커버낫,6125520,네온 로고 그래픽 티셔츠 네이비,0.0,0,30870,30870,,0,,,39.13,0,low,21.1,2,1,16,https://www.musinsa.com/products/6125520
2026-08-27,브라운브레스,6137552,DENIM BERMUDA PANTS - BLUE,0.0,0,62300,62300,,0,,,43.18,0,low,21.51,2,1,16,https://www.musinsa.com/products/6137552
2026-08-27,1993스튜디오,6138192,1993 스몰 로고 컴포트 티셔츠 (3colors),0.0,0,23900,23900,,0,,,39.12,0,low,21.1,2,1,16,https://www.musinsa.com/products/6138192
2026-08-27,노이어,6138896,[2PACK] 헤비 코튼 크롭 티셔츠 (7 Color),1.51,81584,54000,54000,,0,,,41.16,0,low,19.62,2,1,16,https://www.musinsa.com/products/6138896
2026-08-27,키르시,6153616,스몰 체리 슬림핏 슬리브리스 [화이트],0.0,0,27500,27500,,0,,,39.12,0,low,21.1,2,1,16,https://www.musinsa.com/products/6153616
2026-08-27,키르시,6153680,워딩 크롭 피그먼트 티셔츠 [블랙],0.0,0,37440,37440,,0,,,39.12,0,low,21.1,2,1,16,https://www.musinsa.com/products/6153680
2026-08-27,커버낫,6156176,서프 보드 그래픽 티셔츠 라벤더,0.0,0,34300,34300,,0,,,39.11,0,low,21.1,2,1,16,https://www.musinsa.com/products/6156176
2026-08-27,로템버,6163920,멀티 스트라이프 헨리넥 하프 티셔츠 [차콜],0.0,0,37490,37490,,0,,,43.17,0,low,21.51,2,1,16,https://www.musinsa.com/products/6163920
2026-08-27,로템버,6165712,리파인드 버뮤다 와이드 치노 팬츠 [블랙],0.0,0,44640,44640,,0,,,43.17,0,low,21.51,2,1,16,https://www.musinsa.com/products/6165712
2026-08-27,엘무드,6174224,오스카 실켓 코튼 PK 하프 니트 (2 COLOR),0.0,0,73400,73400,,0,,,39.11,0,low,21.1,2,1,16,https://www.musinsa.com/products/6174224
2026-08-27,그루브라임,6176336,보이즈인더후드 반팔 티셔츠 (LRSMCTR719M),0.0,0,9900,9900,,0,,,43.17,0,low,21.51,2,1,16,https://www.musinsa.com/products/6176336
2026-08-27,그루브라임,6177296,스트레치 조거 팬츠 (2COLOR) (LRRMCPA320M),0.0,0,25900,25900,,0,,,43.16,0,low,21.51,2,1,16,https://www.musinsa.com/products/6177296
2026-08-27,더바이닐하우스,6178576,NECKLACE VINTAGE SLUB TEE CHARCOAL,0.0,0,28500,28500,,0,,,39.1,0,low,21.1,2,1,16,https://www.musinsa.com/products/6178576
2026-08-27,썬러브투어,6179664,Arc Text Tee Rose,0.0,0,41400,41400,,0,,,43.16,0,low,21.51,2,1,16,https://www.musinsa.com/products/6179664
2026-08-27,카네이테이,6187856,BERMUDA SWEAT SHORTS (MELANGE GRAY),0.0,0,47200,47200,,0,,,44.17,0,low,20.7,2,1,16,https://www.musinsa.com/products/6187856
2026-08-27,본투윈,6188624,SYMBOL B ACTIVE SHORTS [BLACK],0.0,0,79000,79000,,0,,,44.16,0,low,20.7,2,1,16,https://www.musinsa.com/products/6188624
2026-08-27,아웃스탠딩,6202384,[LOONEY TUNES] HALF SLEEVE TEE(TWEETY BIRD)_3%MELANGE GRAY,0.51,18430,36000,36000,,0,,,44.15,0,low,20.7,2,1,16,https://www.musinsa.com/products/6202384
2026-08-27,유니온블루,6203152,[V2] M65 WIDE CARGO PANTS [WASHED BLACK],0.51,62252,121600,121600,,0,,,44.15,0,low,20.7,2,1,16,https://www.musinsa.com/products/6203152
2026-08-27,스컬프터,6204304,Sweet Kitty Stripe Tube Top Orange,0.0,0,44000,44000,,0,,,44.15,0,low,20.7,2,1,16,https://www.musinsa.com/products/6204304
2026-08-27,무센트,6209552,마링 아일렛 레이스업 코르셋 굴림 롱 슬리브 티 (3컬러),0.0,0,31530,31530,,0,,,39.09,0,low,21.1,2,1,16,https://www.musinsa.com/products/6209552
2026-08-27,스컬프터,6210320,Employee Of The Month Daddy Cap Navy,0.0,0,49600,49600,,0,,,44.14,0,low,20.7,2,1,16,https://www.musinsa.com/products/6210320
2026-08-27,트래블,6219024,테이크 미 반팔티 블랙,0.0,0,25800,25800,,0,,,43.15,0,low,21.51,2,1,16,https://www.musinsa.com/products/6219024
2026-08-27,제너럴아이디어,6222160,플로럴 시어 반팔 티셔츠 [BLACK] / GF2LTS508,0.0,0,23200,23200,,0,,,44.13,0,low,20.7,2,1,16,https://www.musinsa.com/products/6222160
2026-08-27,트리밍버드,6226640,Signature Plaque Sunglasses [ Brown ],0.0,0,139000,139000,,0,,,41.14,0,low,19.62,2,1,16,https://www.musinsa.com/products/6226640
2026-08-27,트리밍버드,6226896,Essential Pintuck Long-Sleeve T-Shirts [ Brown ],0.0,0,69000,69000,,0,,,41.14,0,low,19.62,2,1,16,https://www.musinsa.com/products/6226896
2026-08-27,트리밍버드,6226960,Twisted Overlay Off-Shoulder Top [ Brown ],0.0,0,98000,98000,,0,,,41.14,0,low,19.62,2,1,16,https://www.musinsa.com/products/6226960
2026-08-27,브라운브레스,6235280,W STRIPE NET KNIT - RED ORANGE,0.0,0,79000,79000,,0,,,43.14,0,low,21.51,2,1,16,https://www.musinsa.com/products/6235280
2026-08-27,칙스,6242512,메탈 팁 스트랩 드레이프 맥시 스커트 블랙,0.0,0,29520,29520,,0,,,41.13,0,low,19.62,2,1,16,https://www.musinsa.com/products/6242512
2026-08-27,프렌다,6242576,SHIRRING BOOTS CUT DENIM PANTS BLACK,0.0,0,55800,55800,,0,,,43.14,0,low,21.51,2,1,16,https://www.musinsa.com/products/6242576
2026-08-27,프렌다,6243600,LOGO STRIPE HOODIE SHORT SLEEVE IVORY,0.0,0,41400,41400,,0,,,43.13,0,low,21.51,2,1,16,https://www.musinsa.com/products/6243600
2026-08-27,제멋,6246224,[2PACK] 카치온 D링 버뮤다 팬츠 6종 KJSP2701,0.0,0,49800,49800,,0,,,41.13,0,low,19.62,2,1,16,https://www.musinsa.com/products/6246224
2026-08-27,세컨모놀로그,6247120,Lace-Up Rib Slim Tee [KHAKI]_SEWTS035KHAKI,0.0,0,28800,28800,,0,,,39.08,0,low,21.11,2,1,16,https://www.musinsa.com/products/6247120
2026-08-27,썬러브투어,6254864,Light Swing Pants Green Plaid,0.0,0,153300,153300,,0,,,43.13,0,low,21.51,2,1,16,https://www.musinsa.com/products/6254864
2026-08-27,썬러브투어,6255568,Motion Shorts Yellow,0.0,0,79500,79500,,0,,,43.13,0,low,21.51,2,1,16,https://www.musinsa.com/products/6255568
2026-08-27,유니폼브릿지,6275216,leaf open collar s/s shirt blue brown,0.0,0,90300,90300,,0,,,44.1,0,low,20.7,2,1,16,https://www.musinsa.com/products/6275216
2026-08-27,드로우핏 우먼,6276048,페어리 핀턱 러플 블라우스 [BLACK],0.0,0,72900,72900,,0,,,43.11,0,low,21.51,2,1,16,https://www.musinsa.com/products/6276048
2026-08-27,트리밍버드,6276304,TMB Active Flex Biker Shorts [ Black ],0.0,0,89000,89000,,0,,,41.12,0,low,19.62,2,1,16,https://www.musinsa.com/products/6276304
2026-08-27,스컬프터,6285008,Cross Stud Strap Wallet Mint,0.51,50160,98100,98100,,0,,,44.1,0,low,20.7,2,1,16,https://www.musinsa.com/products/6285008
2026-08-27,키르시,6292112,키르시 워딩 로고 루즈핏 후드 [블랙],0.0,0,47400,47400,,0,,,39.07,0,low,21.11,2,1,16,https://www.musinsa.com/products/6292112
2026-08-27,어반드레스,6301776,웨스턴 스터드 데님 팬츠_2Colors,2.01,118730,59000,59000,,0,,,41.12,0,low,19.62,2,1,16,https://www.musinsa.com/products/6301776
2026-08-27,키르시,6307216,키르시 X 챠미키티 테리 파우치 [라이트 핑크],0.44,13056,29400,29400,,0,,,39.06,0,low,21.11,2,1,16,https://www.musinsa.com/products/6307216
2026-08-27,더뮤지엄비지터,6312464,CHECK PANEL CHINO PANTS (BROWN),0.0,0,95400,95400,,0,,,44.09,0,low,20.7,2,1,16,https://www.musinsa.com/products/6312464
2026-08-27,더뮤지엄비지터,6312592,NYLON SUMMER FLAP ANORAK (BEIGE),0.0,0,109850,109850,,0,,,44.09,0,low,20.7,2,1,16,https://www.musinsa.com/products/6312592
2026-08-27,유니폼브릿지,6313360,UBC ribstop nylon trail shorts blue,0.0,0,41400,41400,,0,,,44.09,0,low,20.7,2,1,16,https://www.musinsa.com/products/6313360
2026-08-27,드로우핏 우먼,6313680,소프트 레이어 홀터넥 슬리브리스 탑 [BLACK],0.0,0,29700,29700,,0,,,43.1,0,low,21.51,2,1,16,https://www.musinsa.com/products/6313680
2026-08-27,무드인사이드,6314832,텐셀 레이어링 헨리넥 롱슬리브_Wine,1.44,37359,25900,25900,,0,,,43.1,0,low,21.51,2,1,16,https://www.musinsa.com/products/6314832
2026-08-27,다이브인,6316048,LOOSED HENLEY NECK T-SHIRTS (BLACK),-0.44,-16452,37050,37050,,0,,,39.06,0,low,21.11,2,1,16,https://www.musinsa.com/products/6316048
2026-08-27,아웃스탠딩,6331472,V.S.C TEE(TROPIC)_1%MELANGE GRAY,1.02,36797,36000,36000,,0,,,44.08,0,low,20.7,2,1,16,https://www.musinsa.com/products/6331472
2026-08-27,플리즈노팔로우,6331600,Vera Lace Shirring Short Sleeve Top (Black),0.0,0,54400,54400,,0,,,44.07,0,low,20.7,2,1,16,https://www.musinsa.com/products/6331600
2026-08-27,테이크이지,6332240,7수 코튼 버뮤다 팬츠 (화이트),0.0,0,24500,24500,,0,,,39.05,0,low,21.11,2,1,16,https://www.musinsa.com/products/6332240
2026-08-27,테이크이지,6333904,디스트로이드 와이드 데님팬츠 (미디움블루),0.0,0,36400,36400,,0,,,39.05,0,low,21.11,2,1,16,https://www.musinsa.com/products/6333904
2026-08-27,배드블러드,6340944,라이온 크레스트 프린트 1/2 헨리넥 티셔츠 - 블랙,0.0,0,57380,57380,,0,,,41.11,0,low,19.62,2,1,16,https://www.musinsa.com/products/6340944
2026-08-27,유니온블루,6344592,ARCHON TWILL FATIGUE PANTS [DARK OLIVE],0.51,62132,121600,121600,,0,,,44.07,0,low,20.7,2,1,16,https://www.musinsa.com/products/6344592
2026-08-27,프리즘웍스,6362320,USMC P44 MONKEY SHORTS _ BROWN,0.0,0,89000,89000,,0,,,41.09,0,low,19.62,2,1,16,https://www.musinsa.com/products/6362320
2026-08-27,시야쥬,6367760,SIOT4195 라운지 소프트 블레이저_Black,0.0,0,118300,118300,,0,,,39.03,0,low,21.11,2,1,16,https://www.musinsa.com/products/6367760
2026-08-27,플랙,6390352,스트라이프 포켓 로고 티셔츠 2colors,0.0,0,39200,39200,,0,,,39.02,0,low,21.11,2,1,16,https://www.musinsa.com/products/6390352
2026-08-27,제너럴아이디어,6409040,슬림핏 멀티 스트라이프 티셔츠 [OLIVE] / GF2LTS535,0.0,0,24800,24800,,0,,,44.05,0,low,20.7,2,1,16,https://www.musinsa.com/products/6409040
2026-08-27,인템포무드,6410064,프론티어 플리츠 카고 팬츠_브라운,0.0,0,49900,49900,,0,,,39.01,0,low,21.11,2,1,16,https://www.musinsa.com/products/6410064
2026-08-27,제멋,6410384,포스트 레터링 반팔티셔츠 네이비 JIST2706,0.0,0,21900,21900,,0,,,41.08,0,low,19.62,2,1,16,https://www.musinsa.com/products/6410384
2026-08-27,워크온바디오프,6411920,미티스 세미 와이드 밴딩 하프 슬랙스 [블랙],0.0,0,37900,37900,,0,,,39.0,0,low,21.11,2,1,16,https://www.musinsa.com/products/6411920
2026-08-27,제너럴아이디어,6417552,UNISEX 스티치 반팔 티셔츠 [4COL] / GF2UTS013,0.0,0,27300,27300,,0,,,44.05,0,low,20.7,2,1,16,https://www.musinsa.com/products/6417552
2026-08-27,제너럴아이디어,6417616,펀칭 스캘럽 하프 가디건 [WHITE] / GF2LKC535,0.0,0,40800,40800,,0,,,44.05,0,low,20.7,2,1,16,https://www.musinsa.com/products/6417616
2026-08-27,파르티멘토,6426640,VTG 워시드 덴스 PA 볼 캡 세이지 베이지,0.0,0,26910,26910,,0,,,39.0,0,low,21.11,2,1,16,https://www.musinsa.com/products/6426640
2026-08-27,후브스,6428880,디스럽트 워시드 반팔티 [블랙],0.0,0,49600,49600,,0,,,39.0,0,low,21.11,2,1,16,https://www.musinsa.com/products/6428880
2026-08-27,후브스,6429008,오버랩 헨리넥 크롭 반팔티 [차콜],0.0,0,48800,48800,,0,,,38.99,0,low,21.11,2,1,16,https://www.musinsa.com/products/6429008
2026-08-27,플랙,6436496,린넨 카고 팬츠 2colors,0.0,0,55200,55200,,0,,,39.0,0,low,21.11,2,1,16,https://www.musinsa.com/products/6436496
2026-08-27,에스피오나지,6441744,Washer Checked Shirt Jacket Dark Green,0.0,0,82600,82600,,0,,,41.08,0,low,19.62,2,1,16,https://www.musinsa.com/products/6441744
2026-08-27,더뮤지엄비지터,6442704,LEOPARD EMBROIDERY CAP (LIGHT GREY),0.0,0,44850,44850,,0,,,44.04,0,low,20.7,2,1,16,https://www.musinsa.com/products/6442704
2026-08-27,더뮤지엄비지터,6444880,W HEART BEAR PIQUE T-SHIRT (BLUE),0.0,0,50370,50370,,0,,,44.04,0,low,20.7,2,1,16,https://www.musinsa.com/products/6444880
2026-08-27,드로우핏 우먼,6444944,새틴 자카드 타이 블라우스 [OLIVE GREEN],0.0,0,69300,69300,,0,,,43.08,0,low,21.51,2,1,16,https://www.musinsa.com/products/6444944
2026-08-27,브라운브레스,6454224,W BB HEART PIGMENT TEE - BURGANDY,0.0,0,55000,55000,,0,,,43.08,0,low,21.51,2,1,16,https://www.musinsa.com/products/6454224
2026-08-27,헬레네파리스,6454608,딥 볼륨 멀티 7턱 부츠컷 팬츠 [그레이],0.0,0,62400,62400,,0,,,41.08,0,low,19.62,2,1,16,https://www.musinsa.com/products/6454608
2026-08-27,제너럴아이디어,6458192,데님 맥시 스커트 [SKY BLUE] / GF2LSK513,0.0,0,44000,44000,,0,,,44.03,0,low,20.7,2,1,16,https://www.musinsa.com/products/6458192
2026-08-27,헬레네파리스,6458256,언벨런스 프릴 레이스 스커트 [아이보리],0.0,0,89600,89600,,0,,,41.07,0,low,19.62,2,1,16,https://www.musinsa.com/products/6458256
2026-08-27,제너럴아이디어,6458384,MAN 오픈 카라 니트 베스트 [DARK NAVY] / GF2MKV015,0.0,0,40800,40800,,0,,,44.03,0,low,20.7,2,1,16,https://www.musinsa.com/products/6458384
2026-08-27,카키포인트,6458896,Rough Cut Wide Denim (blue),0.48,80527,167580,167580,,0,,,43.07,0,low,21.51,2,1,16,https://www.musinsa.com/products/6458896
2026-08-27,미나브,6460240,[미나브X리제임스] 골지 크롭 반팔 티셔츠 [퍼플],0.0,0,32000,32000,,0,,,43.07,0,low,21.51,2,1,16,https://www.musinsa.com/products/6460240
2026-08-27,미나브,6460688,에스틱 피그먼트 크롭 티셔츠 [더스티블랙],0.0,0,34500,34500,,0,,,43.07,0,low,21.51,2,1,16,https://www.musinsa.com/products/6460688
2026-08-27,토피,6461328,클래식 옥스포드 워크 팬츠 (SAND GREY),0.0,0,36900,36900,,0,,,44.02,0,low,20.7,2,1,16,https://www.musinsa.com/products/6461328
2026-08-27,노이어,6462672,윙카라 루즈핏 하프 니트 (멜란지그레이),0.0,0,59500,59500,,0,,,41.06,0,low,19.62,2,1,16,https://www.musinsa.com/products/6462672
2026-08-27,배드블러드,6472720,Contour Pintuck Button Bermuda Culottes - Beige,0.0,0,100080,100080,,0,,,41.05,0,low,19.62,2,1,16,https://www.musinsa.com/products/6472720
2026-08-27,칙스,6475728,노팅힐 헨리넥 원숄더 긴팔 멜란지,0.0,0,32720,32720,,0,,,41.05,0,low,19.62,2,1,16,https://www.musinsa.com/products/6475728
2026-08-27,배드블러드,6481936,90s 빈티지 클럽 1/2 져지 후드 집업 - 블랙,0.0,0,106340,106340,,0,,,41.05,0,low,19.62,2,1,16,https://www.musinsa.com/products/6481936
2026-08-27,배드블러드,6482000,다크 클래식2 커브드 조거 - 블랙,0.5,60600,120690,120690,,0,,,41.05,0,low,19.62,2,1,16,https://www.musinsa.com/products/6482000
2026-08-27,배드블러드,6482960,델타 유틸리티 코튼립 폴드오버 쇼츠 - 밀리터리 그린,0.0,0,69660,69660,,0,,,41.05,0,low,19.62,2,1,16,https://www.musinsa.com/products/6482960
2026-08-27,드로우핏 우먼,6489872,소프트 쉐이드 UV 우양산 [L.BLUE],0.0,0,22500,22500,,0,,,43.06,0,low,21.51,2,1,16,https://www.musinsa.com/products/6489872
2026-08-27,제멋,6491920,맨즈 크롭 실켓 반팔티셔츠 블랙 KJST2709,0.0,0,28900,28900,,0,,,41.04,0,low,19.62,2,1,16,https://www.musinsa.com/products/6491920
2026-08-27,본투윈,6520464,BRN PYTHON PATTERN 2 IN 1 SHORTS [BLACK],0.0,0,109000,109000,,0,,,44.01,0,low,20.7,2,1,16,https://www.musinsa.com/products/6520464
2026-08-27,칙스,6533456,녕이X칙스 인스팅트 도트 홀스 브이넥 슬림 반팔 티셔츠 블랙,0.0,0,19120,19120,,0,,,41.03,0,low,19.62,2,1,16,https://www.musinsa.com/products/6533456
2026-08-27,일꼬르소,6551056,워시드 라이트 웨이트 데님 하프 셔츠 라이트 블루,0.0,0,56880,56880,,0,,,38.96,0,low,21.11,2,1,16,https://www.musinsa.com/products/6551056
2026-08-27,브렌슨,6575824,컴포트 배색 롤업 크롭 헨리넥 반팔티 ( 3Color ),5.76,172146,29900,29900,,0,,,38.96,0,low,21.11,2,1,16,https://www.musinsa.com/products/6575824
2026-08-27,어반드레스,6586768,보이드 체크 스냅 숏슬리브 셔츠_2Colors,0.0,0,40900,40900,,0,,,41.03,0,low,19.62,2,1,16,https://www.musinsa.com/products/6586768
2026-08-27,바이모노,6592784,[빅사이즈 32-46] 꼭꼭팬츠 ICE쿨테크 카고 스트링,0.0,0,39900,39900,,0,,,38.95,0,low,21.11,2,1,16,https://www.musinsa.com/products/6592784
2026-08-27,오퍼스 0012,6628304,Op. 07 SIG T-SHIRT BLACK,2.04,59690,29250,29250,,0,,,44.0,0,low,20.7,2,1,16,https://www.musinsa.com/products/6628304
2026-08-27,오퍼스 0012,6628368,Op. 07 SIG LONG SLEEVE WHITE,1.02,39997,39200,39200,,0,,,44.0,0,low,20.7,2,1,16,https://www.musinsa.com/products/6628368
2026-08-27,더뮤지엄비지터,6635664,MULTI TEXT GRAFFITI T-SHIRT (MELANGE GREY),0.0,0,41600,41600,,0,,,43.99,0,low,20.7,2,1,16,https://www.musinsa.com/products/6635664
2026-08-27,플리즈노팔로우,6645968,Belly Glossy Bikini (Silver Beige),0.0,0,100300,100300,,0,,,43.99,0,low,20.7,2,1,16,https://www.musinsa.com/products/6645968
2026-08-27,플리즈노팔로우,6646032,Mov Shirring Sleeveless Top (White),0.0,0,56100,56100,,0,,,43.98,0,low,20.7,2,1,16,https://www.musinsa.com/products/6646032
2026-08-27,배드블러드,6663504,앰버서더 26 아카이브 리버시블 토트백 – 민트/블루스트라이프,0.0,0,42480,42480,,0,,,41.02,0,low,19.62,2,1,16,https://www.musinsa.com/products/6663504
2026-08-27,배드블러드,6664272,H.B.B. 가든 그래픽 1/2 티셔츠 - 민트,0.0,0,45140,45140,,0,,,41.01,0,low,19.62,2,1,16,https://www.musinsa.com/products/6664272
2026-08-27,배드블러드,6669136,Translation 사이드 그래픽 1/2 티셔츠 - 화이트,0.0,0,47790,47790,,0,,,41.01,0,low,19.62,2,1,16,https://www.musinsa.com/products/6669136
2026-08-27,노이어,6679696,램스 레더 하프 카코트 (블랙),0.0,0,436500,436500,,0,,,41.0,0,low,19.62,2,1,16,https://www.musinsa.com/products/6679696
2026-08-27,칙스,6728720,스탠 카라 언발 셔츠 오트밀,0.0,0,29520,29520,,0,,,41.0,0,low,19.62,2,1,16,https://www.musinsa.com/products/6728720
2026-08-27,비바라비다,6751888,Until 반팔 티셔츠,2.04,52821,25900,25900,,0,,,43.97,0,low,20.7,2,1,16,https://www.musinsa.com/products/6751888
2026-08-27,배드블러드,6791504,Everyday Mock-Neck Tank - Pink,0.0,0,44550,44550,,0,,,40.99,0,low,19.62,2,1,16,https://www.musinsa.com/products/6791504
2026-08-27,배드블러드,6791888,Everyday Hoodie - Blue Gray,0.0,0,60440,60440,,0,,,40.99,0,low,19.62,2,1,16,https://www.musinsa.com/products/6791888
2026-08-27,시야쥬,6798992,SITP5060 Steady Sleeveless_2PACK,0.0,0,70000,70000,,0,,,38.93,0,low,21.11,2,1,16,https://www.musinsa.com/products/6798992
2026-08-27,키르시,6800912,러플 포인트 오프숄더 블라우스 [화이트],0.0,0,55200,55200,,0,,,38.93,0,low,21.11,2,1,16,https://www.musinsa.com/products/6800912
2026-08-27,키르시,6800976,러플 포인트 전판 프린트 가디건 [화이트],0.0,0,79200,79200,,0,,,38.93,0,low,21.11,2,1,16,https://www.musinsa.com/products/6800976
2026-08-27,그루브라임,6811856,유니 코튼 스판 크링클 체크 긴팔 셔츠 - 브라운 (LRBMCIV791M),0.0,0,29800,29800,,0,,,43.04,0,low,21.51,2,1,16,https://www.musinsa.com/products/6811856
2026-08-27,비바라비다,6814992,Dreamy 크롭 반팔 티셔츠,0.0,0,23900,23900,,0,,,43.97,0,low,20.7,2,1,16,https://www.musinsa.com/products/6814992
2026-08-27,언더오프,6822224,롤업 슬리브 크롭 반팔 티셔츠 빈티지레몬 버건디,0.0,0,30900,30900,,0,,,38.93,0,low,21.11,2,1,16,https://www.musinsa.com/products/6822224
2026-08-27,바이젝,6875664,오버 소로나 무지 버뮤다팬츠_2Color,0.0,0,38000,38000,,0,,,38.92,0,low,21.11,2,1,16,https://www.musinsa.com/products/6875664
2026-08-27,아모우,6910928,PEACE Semi Flare Chino Pants BLACK,0.0,0,66500,66500,,0,,,40.97,0,low,19.62,2,1,16,https://www.musinsa.com/products/6910928
2026-08-27,무센트,6928720,포즌 믹스 레터링 후드집업 남녀공용,5.31,371085,69900,69900,,0,,,38.92,0,low,21.11,2,1,16,https://www.musinsa.com/products/6928720
2026-08-27,로템버,6940944,스트라이프 레이어드 보트넥 크롭 티셔츠 [2 COLOR],0.0,0,43740,43740,,0,,,43.04,0,low,21.51,2,1,16,https://www.musinsa.com/products/6940944
2026-08-27,로템버,6941776,[논페이드] 아크 플로우 커브드 다트 데님 팬츠 [딥인디고],0.0,0,63180,63180,,0,,,43.04,0,low,21.51,2,1,16,https://www.musinsa.com/products/6941776
2026-08-27,어널러코드,6978384,베러 커브드 데님팬츠 (그레이),0.0,0,43400,43400,,0,,,40.96,0,low,19.62,2,1,16,https://www.musinsa.com/products/6978384
2026-08-27,키뮤어,6979664,[크롭] 라이트 레이어드 롱슬리브_레몬,0.0,0,30600,30600,,0,,,40.96,0,low,19.62,2,1,16,https://www.musinsa.com/products/6979664
2026-08-27,트리밍버드,6987536,Raw-Edge Layered Sweat Pants [ Black ],0.0,0,189000,189000,,0,,,40.96,0,low,19.62,2,1,16,https://www.musinsa.com/products/6987536
2026-08-27,아웃스탠딩,6988752,MAIL BAG_ECRU,0.0,0,88200,88200,,0,,,43.95,0,low,20.7,2,1,16,https://www.musinsa.com/products/6988752
2026-08-27,시야쥬,7012944,SIAC3145 Atelier Chain Strap_Black,0.0,0,34020,34020,,0,,,38.91,0,low,21.11,2,1,16,https://www.musinsa.com/products/7012944
2026-08-27,브라운브레스,7019920,ZENITH HOODIE,0.0,0,103550,103550,,0,,,43.02,0,low,21.51,2,1,16,https://www.musinsa.com/products/7019920
2026-08-27,락케이크,7020432,Twisted Off Shoulder Top - Ivory,0.0,0,70560,70560,,0,,,43.02,0,low,21.51,2,1,16,https://www.musinsa.com/products/7020432
2026-08-27,유니폼브릿지,7020944,waffle hood zip-up charcoal,0.0,0,139000,139000,,0,,,43.94,0,low,20.7,2,1,16,https://www.musinsa.com/products/7020944
2026-08-27,유니폼브릿지,7021776,skate park ball cap charcoal,0.0,0,59000,59000,,0,,,43.93,0,low,20.7,2,1,16,https://www.musinsa.com/products/7021776
2026-08-27,인사일런스,7023760,캐시미어 헨리넥 니트 IVORY,0.0,0,169000,169000,,0,,,38.9,0,low,21.11,2,1,16,https://www.musinsa.com/products/7023760
2026-08-27,드로우핏 우먼,7035152,스플릿 넥 리브드 슬림 니트 탑 [BLACK],0.0,0,62100,62100,,0,,,43.01,0,low,21.51,2,1,16,https://www.musinsa.com/products/7035152
2026-08-27,플랙,7046736,피케 크루넥 스웻 셔츠 멜란지 그레이,0.0,0,93200,93200,,0,,,38.9,0,low,21.11,2,1,16,https://www.musinsa.com/products/7046736
2026-08-27,스컬프터,7047632,Cross Strap Wallet Black,0.0,0,73800,73800,,0,,,43.93,0,low,20.7,2,1,16,https://www.musinsa.com/products/7047632
2026-08-27,드로우핏 우먼,7048592,플리츠 모크넥 롱 슬리브 티셔츠 [BEIGE],0.0,0,55800,55800,,0,,,43.01,0,low,21.51,2,1,16,https://www.musinsa.com/products/7048592
2026-08-27,웬즈데이오아시스,7050896,핀 스트라이프 긴팔 티셔츠_BLUE(WB6TP50),0.0,0,49500,49500,,0,,,43.01,0,low,21.51,2,1,16,https://www.musinsa.com/products/7050896
2026-08-27,프리즘웍스,7054608,COLOR BLOCK POCKET HOODY _ MUSTARD,0.0,0,98000,98000,,0,,,40.95,0,low,19.62,2,1,16,https://www.musinsa.com/products/7054608
2026-08-27,틸아이다이,7078416,CASHMERE BLENDED V-NECK WOOL KNIT [TIFA04SW11]_Gray,0.0,0,92570,92570,,0,,,43.93,0,low,20.7,2,1,16,https://www.musinsa.com/products/7078416
2026-08-27,틸아이다이,7080592,Stripe back banding pants [TIFA05PT03]_Black,0.0,0,87210,87210,,0,,,43.92,0,low,20.7,2,1,16,https://www.musinsa.com/products/7080592
2026-08-27,유니온블루,7083088,M65 FISHTAIL PARKA [CHARCOAL],0.0,0,238400,238400,,0,,,43.91,0,low,20.7,2,1,16,https://www.musinsa.com/products/7083088
2026-08-27,제너럴아이디어,7103056,더블 레이어드 크루넥 가디건 [DARK BROWN] / GF7LKC509,0.0,0,63200,63200,,0,,,43.91,0,low,20.7,2,1,16,https://www.musinsa.com/products/7103056
2026-08-27,다이브인,7105488,SOFT UNIFORM ZIP-UP JERSEY (BURGUNDY),0.0,0,71200,71200,,0,,,38.89,0,low,21.12,2,1,16,https://www.musinsa.com/products/7105488
2026-08-27,트래블,7121872,오션 아카이브 피그먼트 롱 슬리브 아일랜드 그린,0.0,0,39200,39200,,0,,,43.0,0,low,21.51,2,1,16,https://www.musinsa.com/products/7121872
2026-08-27,비바라비다,7154128,Blah 피그먼트 헤비테리 후드 티셔츠,0.0,0,74900,74900,,0,,,43.9,0,low,20.7,2,1,16,https://www.musinsa.com/products/7154128
2026-08-27,키르시,7173072,체리 백포인트 골지 크루삭스 아이보리 5팩,0.0,0,21900,21900,,0,,,38.88,0,low,21.12,2,1,16,https://www.musinsa.com/products/7173072
