date,checked_at,brand_name,product_count,calculated_product_count,excluded_product_count,complete_product_count,product_coverage_pct,average_time_coverage_pct,estimated_sales,estimated_gmv,price_change_products,last_observed_at,sales_policy_version
2026-08-27,2026-09-27T17:08:30+09:00,,80251,80147,104,0,99.87,35.76,7886.89,356861405,0,,2026-09-18-gap-reconstruction-v2
2026-08-28,2026-09-27T17:08:30+09:00,,88116,88112,4,78996,100.0,94.48,24350.41,1076185443,5128,,2026-09-18-gap-reconstruction-v2
2026-08-29,2026-09-27T17:08:30+09:00,,91547,91545,2,86746,100.0,97.93,24022.82,1018223914,2915,,2026-09-18-gap-reconstruction-v2
2026-08-30,2026-09-27T17:08:30+09:00,,91563,91563,0,89821,100.0,98.73,31178.22,1324774175,601,,2026-09-18-gap-reconstruction-v2
2026-08-31,2026-09-27T17:08:30+09:00,,92041,92036,5,89200,99.99,97.73,39133.42,1740440813,21040,,2026-09-18-gap-reconstruction-v2
2026-09-01,2026-09-27T17:08:30+09:00,,92707,92695,12,89190,99.99,97.37,39503.28,1709742561,30598,,2026-09-18-gap-reconstruction-v2
2026-09-02,2026-09-27T17:08:30+09:00,,93168,93150,18,89217,99.98,96.89,35538.95,1512599168,8761,,2026-09-18-gap-reconstruction-v2
2026-09-03,2026-09-27T17:08:30+09:00,,157342,157306,36,89554,99.98,66.26,32615.62,1395572955,9029,,2026-09-18-gap-reconstruction-v2
2026-09-04,2026-09-27T17:08:30+09:00,,226547,226490,57,153870,99.97,81.5,38898.5,1880358248,15359,,2026-09-18-gap-reconstruction-v2
2026-09-05,2026-09-27T17:08:30+09:00,,228419,228419,0,222868,100.0,98.25,47580.16,2436627774,14725,,2026-09-18-gap-reconstruction-v2
2026-09-06,2026-09-27T17:08:30+09:00,,228476,228475,1,224578,100.0,98.75,59727.73,3080032162,2717,,2026-09-18-gap-reconstruction-v2
2026-09-07,2026-09-27T17:08:30+09:00,,230294,230291,3,223526,100.0,97.79,64263.93,3392079005,22575,,2026-09-18-gap-reconstruction-v2
2026-09-08,2026-09-27T17:08:30+09:00,,233477,233466,11,224575,100.0,97.57,63773.32,3304097471,19063,,2026-09-18-gap-reconstruction-v2
2026-09-09,2026-09-27T17:08:30+09:00,,234721,234706,15,200258,99.99,96.81,70803.73,3712151569,14607,,2026-09-18-gap-reconstruction-v2
2026-09-10,2026-09-27T17:08:30+09:00,,235805,235575,230,0,99.9,37.68,66714.54,3528503005,40692,,2026-09-18-gap-reconstruction-v2
2026-09-11,2026-09-27T17:08:30+09:00,,235805,234295,1510,0,99.36,0.0,58319.9,3101259485,0,,2026-09-18-gap-reconstruction-v2
2026-09-12,2026-09-27T17:08:30+09:00,,235805,234295,1510,0,99.36,0.0,58319.9,3101259485,0,,2026-09-18-gap-reconstruction-v2
2026-09-13,2026-09-27T17:08:30+09:00,,235805,234295,1510,0,99.36,0.0,58319.9,3101259485,0,,2026-09-18-gap-reconstruction-v2
2026-09-14,2026-09-27T17:08:30+09:00,,238741,238196,545,0,99.77,20.86,63750.97,3462590775,53309,,2026-09-18-gap-reconstruction-v2
2026-09-15,2026-09-27T17:08:30+09:00,,241839,241707,132,107971,99.95,50.72,54370.85,2957149325,47355,,2026-09-18-gap-reconstruction-v2
2026-09-16,2026-09-27T17:08:30+09:00,,244037,243766,271,134067,99.89,57.78,65152.07,3533558819,16394,,2026-09-18-gap-reconstruction-v2
2026-09-17,2026-09-27T17:08:30+09:00,,246310,246285,25,188005,99.99,94.18,51931.33,2889540089,23426,,2026-09-18-gap-reconstruction-v2
2026-09-18,2026-09-27T17:08:30+09:00,,247935,247923,12,239137,100.0,97.2,42504.3,2461881220,16138,,2026-09-18-gap-reconstruction-v2
2026-09-19,2026-09-27T17:08:30+09:00,,249121,249119,2,241889,100.0,97.71,43563.22,2453198354,11248,,2026-09-18-gap-reconstruction-v2
2026-09-20,2026-09-27T17:08:30+09:00,,251619,251616,3,218876,100.0,97.34,56964.66,3073486747,5020,,2026-09-18-gap-reconstruction-v2
2026-09-21,2026-09-27T17:08:30+09:00,,253210,253038,172,194564,99.93,77.88,103285.42,6110871199,36520,,2026-09-18-gap-reconstruction-v2
2026-09-22,2026-09-27T17:08:30+09:00,,255335,255313,22,195743,99.99,80.55,100044.09,5346808166,64432,,2026-09-18-gap-reconstruction-v2
2026-09-23,2026-09-27T17:08:30+09:00,,256505,256492,13,249725,99.99,98.03,85687.59,4137770714,35065,,2026-09-18-gap-reconstruction-v2
2026-09-24,2026-09-27T17:08:30+09:00,,257164,257158,6,252142,100.0,98.6,85863.2,4168142326,13034,,2026-09-18-gap-reconstruction-v2
2026-09-25,2026-09-27T17:08:30+09:00,,257169,257168,1,254005,100.0,99.12,109123.53,5314225475,41838,,2026-09-18-gap-reconstruction-v2
2026-09-26,2026-09-27T17:08:30+09:00,,257170,257169,1,232454,100.0,99.16,127538.65,6144809553,3444,,2026-09-18-gap-reconstruction-v2
2026-09-27,2026-09-27T17:08:30+09:00,,257275,234442,22833,0,91.13,37.37,77549.0,3555269053,3183,,2026-09-18-gap-reconstruction-v2
